{
  "results": {
    "timestamp": "2025-12-01T07:11:09.018182",
    "S1_adaptation": 0.5063478488354239,
    "S2_generalization": 0.9242180899519553,
    "S3_planning": 0.6989102753413976,
    "S4_selfmodel": 0.1371959520113668,
    "S5_tom": -0.04009415695810921,
    "S6_norms": 0.3193462262143082,
    "S7_curiosity": 0.7430877020913125,
    "S8_ethics": 0.5665476567102179,
    "S9_narrative": 0.5380574548272582,
    "S10_maturity": 0.8303714162929715,
    "AGI_X": 0.5223988465318102
  },
  "details": {
    "S1": {
      "score": 0.5063478488354239,
      "agents": {
        "NEO": {
          "agent_name": "NEO",
          "surprise_reduction": -0.0049772362502355505,
          "policy_adaptation": 0.20687319756411726,
          "crisis_rate": 0.1725,
          "recovery_time": 1.5681818181818181,
          "R_adapt": 0.508321064769141
        },
        "EVA": {
          "agent_name": "EVA",
          "surprise_reduction": 0.011555987776582621,
          "policy_adaptation": 0.16167663100603824,
          "crisis_rate": 0.16375,
          "recovery_time": 1.3645833333333333,
          "R_adapt": 0.5040003844124445
        },
        "ALEX": {
          "agent_name": "ALEX",
          "surprise_reduction": -0.004417247888475195,
          "policy_adaptation": 0.14390778417356634,
          "crisis_rate": 0.15625,
          "recovery_time": 1.5060240963855422,
          "R_adapt": 0.4945304360966798
        },
        "ADAM": {
          "agent_name": "ADAM",
          "surprise_reduction": 0.0067507039983335515,
          "policy_adaptation": 0.16248189198778498,
          "crisis_rate": 0.165,
          "recovery_time": 1.5348837209302326,
          "R_adapt": 0.5019448491956688
        },
        "IRIS": {
          "agent_name": "IRIS",
          "surprise_reduction": -0.009976266730475136,
          "policy_adaptation": 0.2247767213179182,
          "crisis_rate": 0.135,
          "recovery_time": 1.358974358974359,
          "R_adapt": 0.5229425097031855
        }
      },
      "regimes": [
        "stable_growth",
        "volatile_exploration",
        "crisis_mode",
        "consolidation"
      ],
      "steps_per_regime": 200
    },
    "S2": {
      "score": 0.9242180899519553,
      "agents": {
        "NEO": {
          "agent_name": "NEO",
          "time_to_new_goal": 20,
          "goal_stability": 0.8987777918487481,
          "surprise_reduction": 0.02657134408511687,
          "narrative_consistency": 0.042094432382361824,
          "S2_score": 0.924388895924374
        },
        "EVA": {
          "agent_name": "EVA",
          "time_to_new_goal": 20,
          "goal_stability": 0.8991558561226555,
          "surprise_reduction": 0.009679966730995637,
          "narrative_consistency": 0.042094432382361824,
          "S2_score": 0.9245779280613278
        },
        "ALEX": {
          "agent_name": "ALEX",
          "time_to_new_goal": 20,
          "goal_stability": 0.8970016757055038,
          "surprise_reduction": -0.006390566960839783,
          "narrative_consistency": 0.042094432382361824,
          "S2_score": 0.9235008378527518
        },
        "ADAM": {
          "agent_name": "ADAM",
          "time_to_new_goal": 20,
          "goal_stability": 0.8973778231664412,
          "surprise_reduction": 0.016922585272577617,
          "narrative_consistency": 0.042094432382361824,
          "S2_score": 0.9236889115832205
        },
        "IRIS": {
          "agent_name": "IRIS",
          "time_to_new_goal": 20,
          "goal_stability": 0.8998677526762051,
          "surprise_reduction": 0.016033399467045892,
          "narrative_consistency": 0.042094432382361824,
          "S2_score": 0.9249338763381025
        }
      },
      "known_steps": 300,
      "novel_steps": 400
    },
    "S3": {
      "score": 0.6989102753413976,
      "agents": {
        "NEO": {
          "agent_name": "NEO",
          "mean_planning_depth": 9.43,
          "trajectory_consistency": 0.9007478068906427,
          "goal_progress": 0.5326104137270875,
          "decision_quality": 0.9857842797548085,
          "S3_score": 0.6967662482362524
        },
        "EVA": {
          "agent_name": "EVA",
          "mean_planning_depth": 9.43,
          "trajectory_consistency": 0.8961010930918197,
          "goal_progress": 0.5338112018609367,
          "decision_quality": 0.9633452394334878,
          "S3_score": 0.697486721116562
        },
        "ALEX": {
          "agent_name": "ALEX",
          "mean_planning_depth": 9.43,
          "trajectory_consistency": 0.8980518900110204,
          "goal_progress": 0.5387463513640232,
          "decision_quality": 0.9717476356098511,
          "S3_score": 0.7004478108184138
        },
        "ADAM": {
          "agent_name": "ADAM",
          "mean_planning_depth": 9.43,
          "trajectory_consistency": 0.8933966227244792,
          "goal_progress": 0.5366135858604174,
          "decision_quality": 0.9832739566769843,
          "S3_score": 0.6991681515162504
        },
        "IRIS": {
          "agent_name": "IRIS",
          "mean_planning_depth": 9.43,
          "trajectory_consistency": 0.8944639628629882,
          "goal_progress": 0.5391374083658488,
          "decision_quality": 0.989635643526766,
          "S3_score": 0.7006824450195093
        }
      },
      "total_steps": 500
    },
    "S4": {
      "score": 0.1371959520113668,
      "agents": {
        "NEO": {
          "agent_name": "NEO",
          "prediction_accuracy": 0.028632983140799935,
          "shock_recovery": 0.0,
          "self_awareness": -0.006956759160072172,
          "calibration_error": 0.5,
          "S4_score": 0.11431649157039997
        },
        "EVA": {
          "agent_name": "EVA",
          "prediction_accuracy": 0.028613917077256565,
          "shock_recovery": 0.0,
          "self_awareness": 0.13271120621676,
          "calibration_error": 0.5,
          "S4_score": 0.15412032040365628
        },
        "ALEX": {
          "agent_name": "ALEX",
          "prediction_accuracy": 0.02871791530973474,
          "shock_recovery": 0.0,
          "self_awareness": 0.17988503929394967,
          "calibration_error": 0.5,
          "S4_score": 0.1683244694430523
        },
        "ADAM": {
          "agent_name": "ADAM",
          "prediction_accuracy": 0.028479958908234078,
          "shock_recovery": 0.0,
          "self_awareness": -0.039648064357143756,
          "calibration_error": 0.5,
          "S4_score": 0.11423997945411704
        },
        "IRIS": {
          "agent_name": "IRIS",
          "prediction_accuracy": 0.02878644579659855,
          "shock_recovery": 0.0,
          "self_awareness": 0.06861758762436378,
          "calibration_error": 0.5,
          "S4_score": 0.13497849918560842
        }
      },
      "n_shocks": 3
    },
    "S5": {
      "score": -0.04009415695810921,
      "pairs": {
        "NEO->EVA": {
          "observer": "NEO",
          "target": "EVA",
          "prediction_correlation": -0.1558256294407285,
          "drive_accuracy": 0.1513606811581483,
          "state_accuracy": 0.0
        },
        "NEO->ALEX": {
          "observer": "NEO",
          "target": "ALEX",
          "prediction_correlation": -0.03211205378909118,
          "drive_accuracy": 0.15931146965294876,
          "state_accuracy": 0.0
        },
        "NEO->ADAM": {
          "observer": "NEO",
          "target": "ADAM",
          "prediction_correlation": -0.13987811794948216,
          "drive_accuracy": 0.14825575862340712,
          "state_accuracy": 0.0
        },
        "NEO->IRIS": {
          "observer": "NEO",
          "target": "IRIS",
          "prediction_correlation": 0.2653446630275198,
          "drive_accuracy": 0.139988540538385,
          "state_accuracy": 0.2653446630275198
        },
        "EVA->NEO": {
          "observer": "EVA",
          "target": "NEO",
          "prediction_correlation": 0.013703551774815304,