{"energy": 47.40000000000006, "age": 300, "action_values": {"0": -2.1999999999999997, "1": 0.5, "2": -0.3, "3": -2.290322580645161}, "action_counts": {"0": 35, "1": 207, "2": 27, "3": 31}, "near_death_count": 8, "energy_history": [27.000000000000053, 27.500000000000053, 28.000000000000053, 28.500000000000053, 29.000000000000053, 29.500000000000053, 30.000000000000053, 30.500000000000053, 31.000000000000053, 34.00000000000006, 41.00000000000006, 41.50000000000006, 42.00000000000006, 42.50000000000006, 43.00000000000006, 43.50000000000006, 44.00000000000006, 44.50000000000006, 45.00000000000006, 45.50000000000006, 46.00000000000006, 45.70000000000006, 46.20000000000006, 46.70000000000006, 47.20000000000006, 43.20000000000006, 43.70000000000006, 44.20000000000006, 40.20000000000006, 40.70000000000006, 41.20000000000006, 41.70000000000006, 42.20000000000006, 38.20000000000006, 38.70000000000006, 38.40000000000006, 38.90000000000006, 39.40000000000006, 39.90000000000006, 40.40000000000006, 40.90000000000006, 41.40000000000006, 41.90000000000006, 42.40000000000006, 42.90000000000006, 43.40000000000006, 43.90000000000006, 50.90000000000006, 46.90000000000006, 47.40000000000006], "action_history": [1, 1, 1, 1, 1, 1, 1, 1, 1, 0, 3, 1, 1, 1, 1, 1, 1, 1, 1, 1, 1, 2, 1, 1, 1, 0, 1, 1, 0, 1, 1, 1, 1, 0, 1, 2, 1, 1, 1, 1, 1, 1, 1, 1, 1, 1, 1, 3, 0, 1]}