{"energy": 46.90000000000006, "age": 300, "action_values": {"0": -2.923076923076924, "1": 0.5, "2": -0.3, "3": -1.4999999999999993}, "action_counts": {"0": 39, "1": 210, "2": 27, "3": 24}, "near_death_count": 8, "energy_history": [40.60000000000005, 40.300000000000054, 40.800000000000054, 41.300000000000054, 41.800000000000054, 42.300000000000054, 42.800000000000054, 43.300000000000054, 43.800000000000054, 43.50000000000006, 44.00000000000006, 47.00000000000006, 47.50000000000006, 48.00000000000006, 48.50000000000006, 49.00000000000006, 49.50000000000006, 50.00000000000006, 50.50000000000006, 51.00000000000006, 51.50000000000006, 54.50000000000006, 49.50000000000006, 49.20000000000006, 49.70000000000006, 50.20000000000006, 50.70000000000006, 46.70000000000006, 47.20000000000006, 47.70000000000006, 48.20000000000006, 48.70000000000006, 49.20000000000006, 45.20000000000006, 45.70000000000006, 45.40000000000006, 45.90000000000006, 46.40000000000006, 46.90000000000006, 47.40000000000006, 47.90000000000006, 48.40000000000006, 48.90000000000006, 49.40000000000006, 49.90000000000006, 50.40000000000006, 50.90000000000006, 51.40000000000006, 51.90000000000006, 46.90000000000006], "action_history": [1, 2, 1, 1, 1, 1, 1, 1, 1, 2, 1, 0, 1, 1, 1, 1, 1, 1, 1, 1, 1, 0, 3, 2, 1, 1, 1, 0, 1, 1, 1, 1, 1, 0, 1, 2, 1, 1, 1, 1, 1, 1, 1, 1, 1, 1, 1, 1, 1, 3]}