{"energy": 83.00000000000006, "age": 300, "action_values": {"0": -2.444444444444444, "1": 0.5, "2": -0.3, "3": -1.689655172413793}, "action_counts": {"0": 27, "1": 214, "2": 30, "3": 29}, "near_death_count": 7, "energy_history": [49.50000000000004, 50.00000000000004, 49.700000000000045, 50.200000000000045, 50.700000000000045, 51.200000000000045, 51.700000000000045, 52.200000000000045, 52.700000000000045, 53.200000000000045, 52.90000000000005, 53.40000000000005, 53.10000000000005, 53.60000000000005, 54.10000000000005, 61.10000000000005, 61.60000000000005, 62.10000000000005, 69.10000000000005, 69.60000000000005, 70.10000000000005, 70.60000000000005, 71.10000000000005, 71.60000000000005, 72.10000000000005, 72.60000000000005, 73.10000000000005, 73.60000000000005, 74.10000000000005, 74.60000000000005, 75.10000000000005, 75.60000000000005, 76.10000000000005, 76.60000000000005, 77.10000000000005, 77.60000000000005, 78.10000000000005, 78.60000000000005, 79.10000000000005, 79.60000000000005, 80.10000000000005, 80.60000000000005, 81.10000000000005, 81.60000000000005, 82.10000000000005, 81.80000000000005, 82.30000000000005, 82.80000000000005, 83.30000000000005, 83.00000000000006], "action_history": [1, 1, 2, 1, 1, 1, 1, 1, 1, 1, 2, 1, 2, 1, 1, 3, 1, 1, 3, 1, 1, 1, 1, 1, 1, 1, 1, 1, 1, 1, 1, 1, 1, 1, 1, 1, 1, 1, 1, 1, 1, 1, 1, 1, 1, 2, 1, 1, 1, 2]}