{"energy": 64.70000000000009, "age": 300, "action_values": {"0": -3.461538461538461, "1": 0.5, "2": -0.3, "3": -0.38461538461538475}, "action_counts": {"0": 26, "1": 178, "2": 31, "3": 65}, "near_death_count": 0, "energy_history": [67.90000000000008, 68.40000000000008, 68.90000000000008, 69.40000000000008, 69.90000000000008, 70.40000000000008, 70.90000000000008, 71.40000000000008, 66.40000000000008, 66.90000000000008, 67.40000000000008, 67.90000000000008, 68.40000000000008, 68.90000000000008, 69.40000000000008, 69.90000000000008, 70.40000000000008, 70.90000000000008, 65.90000000000008, 66.40000000000008, 66.90000000000008, 67.40000000000008, 74.40000000000008, 74.90000000000008, 75.40000000000008, 75.90000000000008, 76.40000000000008, 76.90000000000008, 72.90000000000008, 72.60000000000008, 73.10000000000008, 72.80000000000008, 73.30000000000008, 68.30000000000008, 68.00000000000009, 68.50000000000009, 68.20000000000009, 68.70000000000009, 63.70000000000009, 64.20000000000009, 64.70000000000009, 60.70000000000009, 61.20000000000009, 61.70000000000009, 62.20000000000009, 62.70000000000009, 63.20000000000009, 63.70000000000009, 64.20000000000009, 64.70000000000009], "action_history": [1, 1, 1, 1, 1, 1, 1, 1, 3, 1, 1, 1, 1, 1, 1, 1, 1, 1, 3, 1, 1, 1, 3, 1, 1, 1, 1, 1, 0, 2, 1, 2, 1, 3, 2, 1, 2, 1, 3, 1, 1, 0, 1, 1, 1, 1, 1, 1, 1, 1]}