{"energy": 75.80000000000005, "age": 300, "action_values": {"0": -1.8461538461538463, "1": 0.5, "2": -0.3, "3": -2.8571428571428577}, "action_counts": {"0": 26, "1": 222, "2": 24, "3": 28}, "near_death_count": 8, "energy_history": [46.40000000000005, 46.90000000000005, 47.40000000000005, 47.90000000000005, 48.40000000000005, 48.90000000000005, 43.90000000000005, 44.40000000000005, 44.90000000000005, 45.40000000000005, 52.40000000000005, 52.90000000000005, 53.40000000000005, 56.40000000000005, 56.90000000000005, 57.40000000000005, 57.90000000000005, 58.40000000000005, 58.90000000000005, 59.40000000000005, 59.90000000000005, 60.40000000000005, 60.90000000000005, 61.40000000000005, 61.90000000000005, 57.90000000000005, 58.40000000000005, 58.90000000000005, 58.60000000000005, 59.10000000000005, 59.60000000000005, 60.10000000000005, 67.10000000000005, 62.10000000000005, 62.60000000000005, 63.10000000000005, 63.60000000000005, 64.10000000000005, 71.10000000000005, 71.60000000000005, 71.30000000000005, 71.80000000000005, 72.30000000000005, 72.80000000000005, 73.30000000000005, 73.80000000000005, 74.30000000000005, 74.80000000000005, 75.30000000000005, 75.80000000000005], "action_history": [0, 1, 1, 1, 1, 1, 3, 1, 1, 1, 3, 1, 1, 0, 1, 1, 1, 1, 1, 1, 1, 1, 1, 1, 1, 0, 1, 1, 2, 1, 1, 1, 3, 3, 1, 1, 1, 1, 3, 1, 2, 1, 1, 1, 1, 1, 1, 1, 1, 1]}