{"energy": 69.5000000000001, "age": 300, "action_values": {"0": -2.526315789473684, "1": 0.5, "2": -0.3, "3": -0.6363636363636364}, "action_counts": {"0": 38, "1": 194, "2": 35, "3": 33}, "near_death_count": 5, "energy_history": [41.500000000000085, 41.20000000000009, 41.70000000000009, 42.20000000000009, 38.20000000000009, 38.70000000000009, 39.20000000000009, 46.20000000000009, 46.70000000000009, 47.20000000000009, 47.70000000000009, 48.20000000000009, 48.70000000000009, 49.20000000000009, 48.90000000000009, 55.90000000000009, 56.40000000000009, 56.90000000000009, 56.600000000000094, 57.100000000000094, 57.600000000000094, 58.100000000000094, 58.600000000000094, 61.600000000000094, 62.100000000000094, 58.100000000000094, 58.600000000000094, 59.100000000000094, 59.600000000000094, 60.100000000000094, 60.600000000000094, 61.100000000000094, 61.600000000000094, 56.600000000000094, 63.600000000000094, 64.1000000000001, 64.6000000000001, 65.1000000000001, 65.6000000000001, 66.1000000000001, 65.8000000000001, 66.3000000000001, 66.8000000000001, 67.3000000000001, 67.8000000000001, 68.3000000000001, 68.8000000000001, 68.5000000000001, 69.0000000000001, 69.5000000000001], "action_history": [1, 2, 1, 1, 0, 1, 1, 3, 1, 1, 1, 1, 1, 1, 2, 3, 1, 1, 2, 1, 1, 1, 1, 0, 1, 0, 1, 1, 1, 1, 1, 1, 1, 3, 3, 1, 1, 1, 1, 1, 2, 1, 1, 1, 1, 1, 1, 2, 1, 1]}