{"energy": 48.50000000000006, "age": 300, "action_values": {"0": -1.925925925925926, "1": 0.5, "2": -0.3, "3": -2.3000000000000007}, "action_counts": {"0": 27, "1": 203, "2": 30, "3": 40}, "near_death_count": 4, "energy_history": [47.800000000000054, 48.300000000000054, 48.800000000000054, 49.300000000000054, 44.300000000000054, 47.300000000000054, 54.300000000000054, 54.800000000000054, 55.300000000000054, 55.800000000000054, 56.300000000000054, 56.800000000000054, 57.300000000000054, 57.800000000000054, 52.800000000000054, 53.300000000000054, 53.800000000000054, 54.300000000000054, 54.800000000000054, 55.300000000000054, 50.300000000000054, 50.800000000000054, 51.300000000000054, 51.800000000000054, 52.300000000000054, 52.800000000000054, 47.800000000000054, 48.300000000000054, 48.800000000000054, 49.300000000000054, 49.800000000000054, 50.300000000000054, 50.800000000000054, 51.300000000000054, 51.800000000000054, 47.800000000000054, 48.300000000000054, 48.800000000000054, 49.300000000000054, 49.800000000000054, 50.300000000000054, 50.800000000000054, 51.300000000000054, 51.800000000000054, 51.50000000000006, 52.00000000000006, 52.50000000000006, 47.50000000000006, 48.00000000000006, 48.50000000000006], "action_history": [2, 1, 1, 1, 3, 0, 3, 1, 1, 1, 1, 1, 1, 1, 3, 1, 1, 1, 1, 1, 3, 1, 1, 1, 1, 1, 3, 1, 1, 1, 1, 1, 1, 1, 1, 0, 1, 1, 1, 1, 1, 1, 1, 1, 2, 1, 1, 3, 1, 1]}