{"energy": 36.80000000000007, "age": 300, "action_values": {"0": -2.6756756756756754, "1": 0.5, "2": -0.3, "3": -1.5714285714285716}, "action_counts": {"0": 37, "1": 199, "2": 29, "3": 35}, "near_death_count": 3, "energy_history": [33.60000000000005, 28.60000000000005, 35.60000000000005, 36.10000000000005, 36.60000000000005, 37.10000000000005, 37.60000000000005, 38.10000000000005, 38.60000000000005, 38.300000000000054, 38.800000000000054, 39.300000000000054, 39.800000000000054, 34.800000000000054, 35.300000000000054, 35.800000000000054, 36.300000000000054, 39.300000000000054, 39.00000000000006, 39.50000000000006, 39.20000000000006, 39.70000000000006, 40.20000000000006, 40.70000000000006, 41.20000000000006, 41.70000000000006, 42.20000000000006, 42.70000000000006, 42.40000000000006, 42.90000000000006, 43.40000000000006, 43.90000000000006, 44.40000000000006, 44.90000000000006, 45.40000000000006, 45.90000000000006, 41.90000000000006, 42.40000000000006, 42.90000000000006, 43.40000000000006, 43.90000000000006, 43.600000000000065, 43.30000000000007, 38.30000000000007, 38.80000000000007, 39.30000000000007, 39.80000000000007, 40.30000000000007, 36.30000000000007, 36.80000000000007], "action_history": [3, 3, 3, 1, 1, 1, 1, 1, 1, 2, 1, 1, 1, 3, 1, 1, 1, 0, 2, 1, 2, 1, 1, 1, 1, 1, 1, 1, 2, 1, 1, 1, 1, 1, 1, 1, 0, 1, 1, 1, 1, 2, 2, 3, 1, 1, 1, 1, 0, 1]}