{"energy": 55.700000000000045, "age": 300, "action_values": {"0": -2.133333333333333, "1": 0.5, "2": -0.3, "3": -2.6774193548387086}, "action_counts": {"0": 30, "1": 218, "2": 21, "3": 31}, "near_death_count": 14, "energy_history": [23.600000000000033, 24.100000000000033, 24.600000000000033, 19.600000000000033, 20.100000000000033, 20.600000000000033, 21.100000000000033, 21.600000000000033, 22.100000000000033, 22.600000000000033, 23.100000000000033, 23.600000000000033, 24.100000000000033, 24.600000000000033, 25.100000000000033, 28.100000000000033, 28.600000000000033, 31.600000000000033, 38.60000000000004, 39.10000000000004, 39.60000000000004, 40.10000000000004, 40.60000000000004, 40.30000000000004, 40.80000000000004, 41.30000000000004, 41.80000000000004, 42.30000000000004, 42.80000000000004, 38.80000000000004, 39.30000000000004, 39.80000000000004, 40.30000000000004, 40.80000000000004, 47.80000000000004, 48.30000000000004, 48.00000000000004, 48.50000000000004, 49.00000000000004, 49.50000000000004, 50.00000000000004, 50.50000000000004, 51.00000000000004, 51.50000000000004, 58.50000000000004, 58.200000000000045, 58.700000000000045, 54.700000000000045, 55.200000000000045, 55.700000000000045], "action_history": [1, 1, 1, 3, 1, 1, 1, 1, 1, 1, 1, 1, 1, 1, 1, 0, 1, 0, 3, 1, 1, 1, 1, 2, 1, 1, 1, 1, 1, 0, 1, 1, 1, 1, 3, 1, 2, 1, 1, 1, 1, 1, 1, 1, 3, 2, 1, 0, 1, 1]}