{"energy": 34.20000000000001, "age": 300, "action_values": {"0": -2.6388888888888884, "1": 0.5, "2": -0.3, "3": -2.428571428571429}, "action_counts": {"0": 36, "1": 210, "2": 26, "3": 28}, "near_death_count": 10, "energy_history": [21.1, 21.6, 22.1, 22.6, 23.1, 23.6, 24.1, 24.6, 25.1, 25.6, 26.1, 26.6, 27.1, 27.6, 28.1, 28.6, 29.1, 29.6, 30.1, 30.6, 31.1, 31.6, 32.1, 32.6, 33.1, 33.6, 34.1, 34.6, 35.1, 35.6, 35.300000000000004, 35.800000000000004, 36.300000000000004, 36.800000000000004, 36.50000000000001, 37.00000000000001, 37.50000000000001, 38.00000000000001, 38.50000000000001, 39.00000000000001, 39.50000000000001, 40.00000000000001, 40.50000000000001, 36.50000000000001, 37.00000000000001, 37.50000000000001, 37.20000000000001, 37.70000000000001, 33.70000000000001, 34.20000000000001], "action_history": [1, 1, 1, 1, 1, 1, 1, 1, 1, 1, 1, 1, 1, 1, 1, 1, 1, 1, 1, 1, 1, 1, 1, 1, 1, 1, 1, 1, 1, 1, 2, 1, 1, 1, 2, 1, 1, 1, 1, 1, 1, 1, 1, 0, 1, 1, 2, 1, 0, 1]}