{
  "SLEEP": {
    "auc": 0.9524108849951546,
    "n": 6252
  },
  "WAKE": {
    "auc": 0.9563526699421923,
    "n": 6246
  },
  "WORK": {
    "auc": 0.9532956584170129,
    "n": 6252
  },
  "SOCIAL": {
    "auc": 0.9550848911978702,
    "n": 6250
  }
}