{
  "mean_difference": 0.027860953550582667,
  "correlation": 0.9789103458714105,
  "independent": true,
  "no_leak": true
}