{
  "observed": {
    "auc": 0.9542939287715626,
    "corr": 0.976572412597204
  },
  "nulls": {
    "sign_flip": {
      "auc_median": 0.5104838049194248,
      "auc_iqr": 0.07984662564817668,
      "auc_q95": 0.5926292712291867,
      "corr_median": 0.013392685965373033,
      "corr_iqr": 0.14286743249994,
      "corr_q99": 0.24240487056551524,
      "auc_p_value": 0.0,
      "corr_p_value": 0.0
    },
    "cross_decile": {
      "auc_median": 0.4996474800061508,
      "auc_iqr": 0.004679421293147024,
      "auc_q95": 0.5044525926077509,
      "corr_median": -0.0008771208624722081,
      "corr_iqr": 0.008088229856160093,
      "corr_q99": 0.013244700399399973,
      "auc_p_value": 0.0,
      "corr_p_value": 0.0
    },
    "time_reverse": {
      "auc_median": 0.9542939287715626,
      "auc_iqr": 0.0,
      "auc_q95": 0.9542939287715626,
      "corr_median": 0.9765724125972042,
      "corr_iqr": 0.0,
      "corr_q99": 0.9765724125972042,
      "auc_p_value": 1.0,
      "corr_p_value": 1.0
    }
  },
  "go_nogo": {
    "auc_threshold": 0.5044525926077509,
    "auc_passes": true,
    "p_value": 0.0
  }
}