{
  "aucs": [
    0.9671898105878902,
    0.9638768084199214,
    0.9319823446131639,
    0.9649537254356532,
    0.9579366021881274
  ],
  "mean": 0.9571878582489513,
  "std": 0.012968950098384512,
  "median": 0.9638768084199214,
  "iqr": 0.007017123247525792
}