{
  "auc": {
    "median": 0.8216911137514221,
    "iqr": 0.016935581684213163,
    "values": [
      0.8349014245903369,
      0.8179658429061237,
      0.8357637844651321,
      0.8216911137514221,
      0.8117620088804477
    ]
  },
  "te_ratio": {
    "median": 4.320088347860387,
    "iqr": 0.28091713908484284,
    "values": [
      4.1308678494144075,
      4.272905007990698,
      4.5538221470755404,
      4.669599415352019,
      4.320088347860387
    ]
  },
  "beta_kappa": {
    "median": 0.5325779278803929,
    "iqr": 0.09818292865599909,
    "values": [
      0.5647688538100692,
      0.5325779278803929,
      0.45066907225750885,
      0.36675045686982266,
      0.5488520009135079
    ]
  }
}