{
  "neo": {
    "pulls": {
      "-1": 41,
      "0": 39,
      "1": 147
    },
    "mean_rewards": {
      "-1": 0.5057006253449803,
      "0": 0.454032741779428,
      "1": 0.5572477504114542
    },
    "alpha": {
      "-1": 12.651576209049093,
      "0": 12.911092491318435,
      "1": 61.49288965568823
    },
    "beta": {
      "-1": 14.940653071284816,
      "0": 16.111881045479603,
      "1": 40.9344875065384
    },
    "specialization": "mdl",
    "metric_weights": [
      0.27185243317513863,
      0.5252023143319895,
      0.20294525249287196
    ]
  },
  "eva": {
    "pulls": {
      "-1": 46,
      "0": 49,
      "1": 132
    },
    "mean_rewards": {
      "-1": 0.4973614807001535,
      "0": 0.49734848842178975,
      "1": 0.5366260255341593
    },
    "alpha": {
      "-1": 14.27411919803456,
      "0": 17.94263340201167,
      "1": 54.18788692697522
    },
    "beta": {
      "-1": 18.39021404722781,
      "0": 17.567254446187555,
      "1": 40.32479030721485
    },
    "specialization": "mi_te",
    "metric_weights": [
      0.14682637350239652,
      0.22381214262907406,
      0.6293614838685295
    ]
  }
}