{
  "bins": [
    {
      "bin": 1,
      "lo": 0.001584972644623825,
      "hi": 0.12263668986570415,
      "n": 