{
  "timestamp": "2025-12-01T03:19:31.319116",
  "T": 1500,
  "seeds": [
    42,
    123
  ],
  "coupled": [
    {
      "neo": {
        "n_crises": 36,
        "crises_resolved": 35,
        "crisis_durations": [
          16,
          28,
          20,
          16,
          18,
          18,
          23,
          24,
          20,
          17,
          21,
          17,
          19,
          0,
          20,
          18,
          25,
          17,
          17,
          20,
          20,
          16,
          20,
          16,
          17,
          0,
          0,
          22,
          16,
          13,
          19,
          13,
          16,
          16,
          18
        ],
        "identity_mean": 0.5162091676830715,
        "identity_std": 0.13521127530810695,
        "integration_mean": 0.4314550256267458,
        "wellbeing_mean": 0.8552421086983125,
        "final_attachment": 0.96,
        "time_in_phases": {
          "nacimiento": 21,
          "exploraci\u00f3n": 43,
          "crisis": 729,
          "reconstrucci\u00f3n": 707
        },
        "final_phase": "crisis",
        "mean_crisis_duration": 17.02857142857143,
        "period": 44.117647058823536
      },
      "eva": {
        "n_crises": 43,
        "crises_resolved": 42,
        "crisis_durations": [
          18,
          21,
          17,
          19,
          0,
          0,
          0,
          17,
          0,
          17,
          0,
          17,
          18,
          0,
          0,
          21,
          17,
          18,
          0,
          0,
          22,
          21,
          20,
          16,
          18,
          17,
          19,
          0,
          14,
          16,
          17,
          19,
          28,
          0,
          20,
          20,
          0,
          15,
          20,
          17,
          0,
          22
        ],
        "identity_mean": 0.5142798977529274,
        "identity_std": 0.12388474096496137,
        "integration_mean": 0.44208206929600424,
        "wellbeing_mean": 0.8689324210113415,
        "final_attachment": 0.995,
        "time_in_phases": {
          "nacimiento": 21,
          "exploraci\u00f3n": 35,
          "crisis": 693,
          "reconstrucci\u00f3n": 746,
          "madurez": 5
        },
        "final_phase": "crisis",
        "mean_crisis_duration": 12.880952380952381,
        "period": 44.117647058823536
      },
      "mean_psi_shared": 0.16920451935888506,
      "max_psi_shared": 0.48204846535091206,
      "correlation": 0.4123982785442598,
      "condition": "coupled"
    },
    {
      "neo": {
        "n_crises": 49,
        "crises_resolved": 49,
        "crisis_durations": [
          21,
          0,
          19,
          0,
          14,
          13,
          27,
          22,
          0,
          23,
          18,
          21,
          16,
          0,
          0,
          0,
          0,
          0,
          0,
          0,
          19,
          0,
          16,
          20,
          19,
          16,
          0,
          0,
          0,
          20,
          22,
          20,
          24,
          16,
          0,
          0,
          0,
          17,
          20,
          27,
          15,
          23,
          0,
          23,
          27,
          0,
          0,
          22,
          14
        ],
        "identity_mean": 0.5143201934413895,
        "identity_std": 0.12239075121176397,
        "integration_mean": 0.4437398204258165,
        "wellbeing_mean": 0.8681639395506436,
        "final_attachment": 1.0,
        "time_in_phases": {
          "nacimiento": 21,
          "exploraci\u00f3n": 39,
          "crisis": 706,
          "reconstrucci\u00f3n": 732,
          "madurez": 2
        },
        "final_phase": "reconstrucci\u00f3n",
        "mean_crisis_duration": 11.714285714285714,
        "period": 46.875
      },
      "eva": {
        "n_crises": 50,
        "crises_resolved": 49,
        "crisis_durations": [
          18,
          23,
          0,
          0,
          18,
          24,
          19,
          0,
          0,
          17,
          0,
          0,
          21,
          18,
          0,
          0,
          0,
          0,
          19,
          24,
          22,
          23,
          0,
          19,
          18,
          20,
          19,
          9,
          18,
          24,
          20,
          23,
          17,
          0,
          22,
          19,
          18,
          19,
          24,
          0,
          0,
          19,
          0,
          0,
          0,
          0,
          19,
          25,
          17
        ],
        "identity_mean": 0.5136214120421319,
        "identity_std": 0.13129961952420008,
        "integration_mean": 0.4318875047961612,
        "wellbeing_mean": 0.8504367583963721,
        "final_attachment": 0.9249999999999999,
        "time_in_phases": {
          "nacimiento": 21,
          "exploraci\u00f3n": 44,
          "crisis": 762,
          "reconstrucci\u00f3n": 671,
          "madurez": 2
        },
        "final_phase": "crisis",
        "mean_crisis_duration": 12.551020408163266,
        "period": 42.85714285714286
      },
      "mean_psi_shared": 0.1635907933438119,
      "max_psi_shared": 0.5070439844824319,
      "correlation": 0.42341102385244567,
      "condition": "coupled"
    }
  ],
  "decoupled": [
    {
      "neo": {
        "n_crises": 51,
        "crises_resolved": 51,
        "crisis_durations": [
          16,
          21,
          0,
          0,
          0,
          21,
          20,
          0,
          0,
          22,
          0,
          0,
          0,
          18,
          19,
          19,
          0,
          18,
          15,
          0,
          0,
          0,
          24,
          25,
          0,
          0,
          16,
          21,
          0,
          0,
          0,
          15,
          19,
          19,
          0,
          19,
          18,
          20,
          17,
          18,
          0,
          17,
          16,
          21,
          20,
          19,
          19,
          28,
          21,
          0,
          20
        ],
        "identity_mean": 0.5116664553843574,
        "identity_std": 0.12692904903429028,
        "integration_mean": 0.44264922311046273,
        "wellbeing_mean": 0.8650935541096111,
        "final_attachment": 0.0,
        "time_in_phases": {
          "nacimiento": 21,
          "exploraci\u00f3n": 48,
          "crisis": 750,
          "reconstrucci\u00f3n": 681
        },
        "final_phase": "crisis",
        "mean_crisis_duration": 11.784313725490197,
        "period": 42.85714285714286
      },
      "eva": {
        "n_crises": 59,
        "crises_resolved": 59,
        "crisis_durations": [
          13,
          0,
          0,
          0,
          0,
          0,
          17,
          17,
          18,
          0,
          0,
          0,
          0,
          18,
          0,
          0,
          0,
          32,
          16,
          19,
          15,
          18,
          0,
          0,
          0,
          20,
          23,
          0,
          0,
          0,
          0,
          18,
          17,
          17,
          30,
          21,
          18,
          13,
          0,
          0,
          0,
          25,
          0,
          20,
          0,
          20,
          19,
          19,
          19,
          0,
          0,
          32,
          0,
          25,
          0,
          20,
          16,
          0,
          17
        ],
        "identity_mean": 0.513168666565125,
        "identity_std": 0.12304362986561299,
        "integration_mean": 0.45536888207363785,
        "wellbeing_mean": 0.8804648496572812,
        "final_attachment": 0.0,
        "time_in_phases": {
          "nacimiento": 21,
          "exploraci\u00f3n": 29,