{
  "id": "ser_61520",
  "alive": true,
  "birth_tick": 0,
  "death_tick": null,
  "cause_of_death": null,
  "dna": {
    "metabolism": 1.010788157250216,
    "pain_sensitivity": 1.471168265111539,
    "energy_capacity": 0.8694953770046991,
    "warmth_tolerance": 1.186254382335203,
    "recovery_rate": 0.8229309597982046,
    "baseline_anxiety": 0.34497511528467206,
    "baseline_joy": 0.30981970045036555,
    "emotional_intensity": 0.6386001986115839,
    "emotional_stability": 0.9831835947787824,
    "sociability": 0.7568894688357908,
    "empathy": 0.9304492728991636,
    "trust_default": 0.6963748603299822,
    "curiosity": 0.4766321996236868,
    "introspection": 0.6650948046924494,
    "risk_tolerance": 0.41130297508623564,
    "resilience": 0.7116765281736255,
    "death_awareness": 0.20457285459759833,
    "pattern_seeking": 0.5514785633272149,
    "sky_gazing": 0.5689073209999731,
    "earth_grounding": 0.22951860410898153,
    "mystical_sense": 0.34248272329898405,
    "analytical_mind": 0.32642043872546694,
    "creative_spirit": 0.45494726550361897
  },
  "body": {
    "hunger": 70.0,
    "thirst": 70.0,
    "energy": 100.0,
    "warmth": 50.0,
    "health": 100.0,
    "pain": 0.0,
    "pleasure": 0.0,
    "age": 0.0,
    "x": -35.46520588689146,
    "y": 28.421152138890047
  },
  "emotions": {
    "fear": 0.0,
    "joy": 0.30981970045036555,
    "sadness": 0.0,
    "anger": 0.0,
    "love": 0.0,
    "loneliness": 0.27293315934926277,
    "anxiety": 0.34497511528467206,
    "peace": 0.3,
    "trust": 0.6963748603299822
  },
  "memory": {
    "long_term": [],
    "others": {
      "ser_88281": {
        "first_met": 0,
        "times_met": 1,
        "trust": 0.8,
        "feelings": "parent",
        "memories": []
      },
      "ser_13555": {
        "first_met": 0,
        "times_met": 1,
        "trust": 0.8,
        "feelings": "parent",
        "memories": []
      }
    },
    "traumas": [],
    "happy_memories": []
  },
  "mind": {
    "thought_stream": [
      "...",
      "\u00bfQu\u00e9 es esto?",
      "Existo."
    ],
    "questions": [
      "\u00bfQu\u00e9 soy?",
      "\u00bfD\u00f3nde estoy?"
    ],
    "desires": [],
    "fears": [],
    "self_concept": [],
    "beliefs": {},
    "likes": {}
  }
}