{
  "id": "ser_91548",
  "alive": true,
  "birth_tick": 0,
  "death_tick": null,
  "cause_of_death": null,
  "dna": {
    "metabolism": 0.7667930043809921,
    "pain_sensitivity": 0.6662672246219349,
    "energy_capacity": 0.9360843499185248,
    "warmth_tolerance": 1.2065313154151032,
    "recovery_rate": 0.8366496754974969,
    "baseline_anxiety": 0.13282134478922136,
    "baseline_joy": 0.22848073887872894,
    "emotional_intensity": 1.2508469398353652,
    "emotional_stability": 0.8455976461590793,
    "sociability": 0.7251266843619615,
    "empathy": 0.33509220404459794,
    "trust_default": 0.5228643101157939,
    "curiosity": 0.3698571540960265,
    "introspection": 0.8026122762298882,
    "risk_tolerance": 0.4579477723098483,
    "resilience": 0.6196717890271685,
    "death_awareness": 0.7096223772794474,
    "pattern_seeking": 0.2514925007059919,
    "sky_gazing": 0.6548051735222088,
    "earth_grounding": 0.6743428485002417,
    "mystical_sense": 0.9137692253596107,
    "analytical_mind": 0.6935218010091815,
    "creative_spirit": 0.5681164973272602
  },
  "body": {
    "hunger": 70.0,
    "thirst": 70.0,
    "energy": 100.0,
    "warmth": 50.0,
    "health": 100.0,
    "pain": 0.0,
    "pleasure": 0.0,
    "age": 0.0,
    "x": 13.241634052956211,
    "y": 45.15356711713075
  },
  "emotions": {
    "fear": 0.0,
    "joy": 0.22848073887872894,
    "sadness": 0.0,
    "anger": 0.0,
    "love": 0.0,
    "loneliness": 0.28246199469141153,
    "anxiety": 0.13282134478922136,
    "peace": 0.3,
    "trust": 0.5228643101157939
  },
  "memory": {
    "long_term": [],
    "others": {
      "ser_71722": {
        "first_met": 0,
        "times_met": 1,
        "trust": 0.8,
        "feelings": "parent",
        "memories": []
      },
      "ser_85269": {
        "first_met": 0,
        "times_met": 1,
        "trust": 0.8,
        "feelings": "parent",
        "memories": []
      }
    },
    "traumas": [],
    "happy_memories": []
  },
  "mind": {
    "thought_stream": [
      "...",
      "\u00bfQu\u00e9 es esto?",
      "Existo."
    ],
    "questions": [
      "\u00bfQu\u00e9 soy?",
      "\u00bfD\u00f3nde estoy?"
    ],
    "desires": [],
    "fears": [],
    "self_concept": [],
    "beliefs": {},
    "likes": {}
  }
}