{
  "id": "ser_20348",
  "alive": true,
  "birth_tick": 0,
  "death_tick": null,
  "cause_of_death": null,
  "dna": {
    "metabolism": 1.203489484532522,
    "pain_sensitivity": 1.2898512922308085,
    "energy_capacity": 1.1675631508057154,
    "warmth_tolerance": 0.7391752281843812,
    "recovery_rate": 0.9888430485630599,
    "baseline_anxiety": 0.271535439171108,
    "baseline_joy": 0.3223612828421957,
    "emotional_intensity": 0.8660678334358383,
    "emotional_stability": 0.5944824541873469,
    "sociability": 0.5446988371843478,
    "empathy": 0.6548209282232234,
    "trust_default": 0.6178671342678276,
    "curiosity": 0.8567550266697177,
    "introspection": 0.7123244293981739,
    "risk_tolerance": 0.6217049450455896,
    "resilience": 0.4467654005662609,
    "death_awareness": 0.5950410433463799,
    "pattern_seeking": 0.8391000664108239,
    "sky_gazing": 0.22570881636407605,
    "earth_grounding": 0.5812347161604462,
    "mystical_sense": 0.47350393533692403,
    "analytical_mind": 0.6845503034337168,
    "creative_spirit": 0.8215123516594562
  },
  "body": {
    "hunger": 70.0,
    "thirst": 70.0,
    "energy": 100.0,
    "warmth": 50.0,
    "health": 100.0,
    "pain": 0.0,
    "pleasure": 0.0,
    "age": 0.0,
    "x": 21.523634846297007,
    "y": -17.889764228417768
  },
  "emotions": {
    "fear": 0.0,
    "joy": 0.3223612828421957,
    "sadness": 0.0,
    "anger": 0.0,
    "love": 0.0,
    "loneliness": 0.3365903488446957,
    "anxiety": 0.271535439171108,
    "peace": 0.3,
    "trust": 0.6178671342678276
  },
  "memory": {
    "long_term": [],
    "others": {
      "ser_33058": {
        "first_met": 0,
        "times_met": 1,
        "trust": 0.8,
        "feelings": "parent",
        "memories": []
      },
      "ser_05737": {
        "first_met": 0,
        "times_met": 1,
        "trust": 0.8,
        "feelings": "parent",
        "memories": []
      }
    },
    "traumas": [],
    "happy_memories": []
  },
  "mind": {
    "thought_stream": [
      "...",
      "\u00bfQu\u00e9 es esto?",
      "Existo."
    ],
    "questions": [
      "\u00bfQu\u00e9 soy?",
      "\u00bfD\u00f3nde estoy?"
    ],
    "desires": [],
    "fears": [],
    "self_concept": [],
    "beliefs": {},
    "likes": {}
  }
}