{
  "id": "ser_29555",
  "alive": true,
  "birth_tick": 0,
  "death_tick": null,
  "cause_of_death": null,
  "dna": {
    "metabolism": 0.9142031917326344,
    "pain_sensitivity": 1.495679764257166,
    "energy_capacity": 0.8694953770046991,
    "warmth_tolerance": 0.7541773077945982,
    "recovery_rate": 0.8206382599927856,
    "baseline_anxiety": 0.38993879424806743,
    "baseline_joy": 0.30981970045036555,
    "emotional_intensity": 1.3809497021443258,
    "emotional_stability": 1.0,
    "sociability": 0.7568894688357908,
    "empathy": 0.887097347457031,
    "trust_default": 0.3536689263315305,
    "curiosity": 0.3668338956685652,
    "introspection": 0.5736660824542836,
    "risk_tolerance": 0.66505287088778,
    "resilience": 0.7116765281736255,
    "death_awareness": 0.391769488412106,
    "pattern_seeking": 0.635162749473986,
    "sky_gazing": 0.1876658376843714,
    "earth_grounding": 0.22951860410898153,
    "mystical_sense": 0.41945179304991265,
    "analytical_mind": 0.4200695855917146,
    "creative_spirit": 0.5971312684573695
  },
  "body": {
    "hunger": 70.0,
    "thirst": 70.0,
    "energy": 100.0,
    "warmth": 50.0,
    "health": 100.0,
    "pain": 0.0,
    "pleasure": 0.0,
    "age": 0.0,
    "x": -37.192046440239906,
    "y": 28.629628209665498
  },
  "emotions": {
    "fear": 0.0,
    "joy": 0.30981970045036555,
    "sadness": 0.0,
    "anger": 0.0,
    "love": 0.0,
    "loneliness": 0.27293315934926277,
    "anxiety": 0.38993879424806743,
    "peace": 0.3,
    "trust": 0.3536689263315305
  },
  "memory": {
    "long_term": [],
    "others": {
      "ser_69588": {
        "first_met": 0,
        "times_met": 1,
        "trust": 0.8,
        "feelings": "parent",
        "memories": []
      },
      "ser_13555": {
        "first_met": 0,
        "times_met": 1,
        "trust": 0.8,
        "feelings": "parent",
        "memories": []
      }
    },
    "traumas": [],
    "happy_memories": []
  },
  "mind": {
    "thought_stream": [
      "...",
      "\u00bfQu\u00e9 es esto?",
      "Existo."
    ],
    "questions": [
      "\u00bfQu\u00e9 soy?",
      "\u00bfD\u00f3nde estoy?"
    ],
    "desires": [],
    "fears": [],
    "self_concept": [],
    "beliefs": {},
    "likes": {}
  }
}