{
  "id": "ser_53816",
  "alive": true,
  "birth_tick": 0,
  "death_tick": null,
  "cause_of_death": null,
  "dna": {
    "metabolism": 1.010788157250216,
    "pain_sensitivity": 1.471168265111539,
    "energy_capacity": 0.8694953770046991,
    "warmth_tolerance": 0.7757469924283172,
    "recovery_rate": 0.8485625110347055,
    "baseline_anxiety": 0.34497511528467206,
    "baseline_joy": 0.17575845767087467,
    "emotional_intensity": 0.6386001986115839,
    "emotional_stability": 0.9831835947787824,
    "sociability": 0.325397576337597,
    "empathy": 0.35755288556492315,
    "trust_default": 0.6963748603299822,
    "curiosity": 0.7906540866008883,
    "introspection": 0.5236984103268046,
    "risk_tolerance": 0.4947898150224093,
    "resilience": 0.8004984259755188,
    "death_awareness": 0.20457285459759833,
    "pattern_seeking": 0.6575683439065891,
    "sky_gazing": 0.5689073209999731,
    "earth_grounding": 0.43454431810134986,
    "mystical_sense": 0.41945179304991265,
    "analytical_mind": 0.3222361997647329,
    "creative_spirit": 0.4184112747546763
  },
  "body": {
    "hunger": 70.0,
    "thirst": 70.0,
    "energy": 100.0,
    "warmth": 50.0,
    "health": 100.0,
    "pain": 0.0,
    "pleasure": 0.0,
    "age": 0.0,
    "x": -33.272795791204906,
    "y": 26.551772062017356
  },
  "emotions": {
    "fear": 0.0,
    "joy": 0.17575845767087467,
    "sadness": 0.0,
    "anger": 0.0,
    "love": 0.0,
    "loneliness": 0.4023807270987209,
    "anxiety": 0.34497511528467206,
    "peace": 0.3,
    "trust": 0.6963748603299822
  },
  "memory": {
    "long_term": [],
    "others": {
      "ser_88281": {
        "first_met": 0,
        "times_met": 1,
        "trust": 0.8,
        "feelings": "parent",
        "memories": []
      },
      "ser_13555": {
        "first_met": 0,
        "times_met": 1,
        "trust": 0.8,
        "feelings": "parent",
        "memories": []
      }
    },
    "traumas": [],
    "happy_memories": []
  },
  "mind": {
    "thought_stream": [
      "...",
      "\u00bfQu\u00e9 es esto?",
      "Existo."
    ],
    "questions": [
      "\u00bfQu\u00e9 soy?",
      "\u00bfD\u00f3nde estoy?"
    ],
    "desires": [],
    "fears": [],
    "self_concept": [],
    "beliefs": {},
    "likes": {}
  }
}