{
  "id": "ser_17723",
  "alive": true,
  "birth_tick": 0,
  "death_tick": null,
  "cause_of_death": null,
  "dna": {
    "metabolism": 1.2194868524597087,
    "pain_sensitivity": 1.2898512922308085,
    "energy_capacity": 1.0163351312469067,
    "warmth_tolerance": 0.7391752281843812,
    "recovery_rate": 1.056005139608174,
    "baseline_anxiety": 0.347618644344679,
    "baseline_joy": 0.4408840503829914,
    "emotional_intensity": 0.8660678334358383,
    "emotional_stability": 0.6443804879766493,
    "sociability": 0.83135749150424,
    "empathy": 0.6548209282232234,
    "trust_default": 0.5952283268506211,
    "curiosity": 0.35520030050689,
    "introspection": 0.31732718587548664,
    "risk_tolerance": 0.41306049835006475,
    "resilience": 0.90260249636876,
    "death_awareness": 0.5362679012614812,
    "pattern_seeking": 0.41812919642329605,
    "sky_gazing": 0.22570881636407605,
    "earth_grounding": 0.5812347161604462,
    "mystical_sense": 0.20445589909011772,
    "analytical_mind": 0.6845503034337168,
    "creative_spirit": 0.8215123516594562
  },
  "body": {
    "hunger": 70.0,
    "thirst": 70.0,
    "energy": 100.0,
    "warmth": 50.0,
    "health": 100.0,
    "pain": 0.0,
    "pleasure": 0.0,
    "age": 0.0,
    "x": 26.89664896577461,
    "y": -13.814744867545167
  },
  "emotions": {
    "fear": 0.0,
    "joy": 0.4408840503829914,
    "sadness": 0.0,
    "anger": 0.0,
    "love": 0.0,
    "loneliness": 0.25059275254872804,
    "anxiety": 0.347618644344679,
    "peace": 0.3,
    "trust": 0.5952283268506211
  },
  "memory": {
    "long_term": [],
    "others": {
      "ser_05737": {
        "first_met": 0,
        "times_met": 1,
        "trust": 0.8,
        "feelings": "parent",
        "memories": []
      },
      "ser_30674": {
        "first_met": 0,
        "times_met": 1,
        "trust": 0.8,
        "feelings": "parent",
        "memories": []
      }
    },
    "traumas": [],
    "happy_memories": []
  },
  "mind": {
    "thought_stream": [
      "...",
      "\u00bfQu\u00e9 es esto?",
      "Existo."
    ],
    "questions": [
      "\u00bfQu\u00e9 soy?",
      "\u00bfD\u00f3nde estoy?"
    ],
    "desires": [],
    "fears": [],
    "self_concept": [],
    "beliefs": {},
    "likes": {}
  }
}