{
  "id": "ser_92508",
  "alive": true,
  "birth_tick": 0,
  "death_tick": null,
  "cause_of_death": null,
  "dna": {
    "metabolism": 1.0133770163717166,
    "pain_sensitivity": 1.4698605502437552,
    "energy_capacity": 1.1826851039298178,
    "warmth_tolerance": 1.1348214026214407,
    "recovery_rate": 1.082791845099347,
    "baseline_anxiety": 0.12923731198957175,
    "baseline_joy": 0.4145155878767677,
    "emotional_intensity": 1.0176674535828096,
    "emotional_stability": 0.9061997174040959,
    "sociability": 0.37226387575043474,
    "empathy": 0.9984839693169978,
    "trust_default": 0.37217745926227164,
    "curiosity": 0.7923272758565572,
    "introspection": 0.6190983440218705,
    "risk_tolerance": 0.35117893087845753,
    "resilience": 0.7741458782329464,
    "death_awareness": 0.5388221868517311,
    "pattern_seeking": 0.2598815905029742,
    "sky_gazing": 0.2474076683098961,
    "earth_grounding": 0.8365782054763544,
    "mystical_sense": 0.7178161556945308,
    "analytical_mind": 0.9374528959040549,
    "creative_spirit": 0.46861596813769824
  },
  "body": {
    "hunger": 70.0,
    "thirst": 70.0,
    "energy": 100.0,
    "warmth": 50.0,
    "health": 100.0,
    "pain": 0.0,
    "pleasure": 0.0,
    "age": 0.0,
    "x": 88.11991724179732,
    "y": 23.576053643305425
  },
  "emotions": {
    "fear": 0.0,
    "joy": 0.4145155878767677,
    "sadness": 0.0,
    "anger": 0.0,
    "love": 0.0,
    "loneliness": 0.3883208372748696,
    "anxiety": 0.12923731198957175,
    "peace": 0.3,
    "trust": 0.37217745926227164
  },
  "memory": {
    "long_term": [],
    "others": {
      "ser_19123": {
        "first_met": 0,
        "times_met": 1,
        "trust": 0.8,
        "feelings": "parent",
        "memories": []
      },
      "ser_06277": {
        "first_met": 0,
        "times_met": 1,
        "trust": 0.8,
        "feelings": "parent",
        "memories": []
      }
    },
    "traumas": [],
    "happy_memories": []
  },
  "mind": {
    "thought_stream": [
      "...",
      "\u00bfQu\u00e9 es esto?",
      "Existo."
    ],
    "questions": [
      "\u00bfQu\u00e9 soy?",
      "\u00bfD\u00f3nde estoy?"
    ],
    "desires": [],
    "fears": [],
    "self_concept": [],
    "beliefs": {},
    "likes": {}
  }
}