{
  "id": "ser_50530",
  "alive": true,
  "birth_tick": 0,
  "death_tick": null,
  "cause_of_death": null,
  "dna": {
    "metabolism": 0.888714713050139,
    "pain_sensitivity": 1.4695641536154533,
    "energy_capacity": 1.0398651505013299,
    "warmth_tolerance": 1.186254382335203,
    "recovery_rate": 1.055910257139892,
    "baseline_anxiety": 0.34497511528467206,
    "baseline_joy": 0.4931636151066396,
    "emotional_intensity": 1.3809497021443258,
    "emotional_stability": 0.9965206619234978,
    "sociability": 0.3331197605009624,
    "empathy": 0.887097347457031,
    "trust_default": 0.48357739055702464,
    "curiosity": 0.3668338956685652,
    "introspection": 0.623086344581515,
    "risk_tolerance": 0.4947898150224093,
    "resilience": 0.7116765281736255,
    "death_awareness": 0.30531896478665566,
    "pattern_seeking": 0.635162749473986,
    "sky_gazing": 0.17544409471697425,
    "earth_grounding": 0.1895193412231917,
    "mystical_sense": 0.41945179304991265,
    "analytical_mind": 0.3222361997647329,
    "creative_spirit": 0.5971312684573695
  },
  "body": {
    "hunger": 70.0,
    "thirst": 70.0,
    "energy": 100.0,
    "warmth": 50.0,
    "health": 100.0,
    "pain": 0.0,
    "pleasure": 0.0,
    "age": 0.0,
    "x": -41.459223506502894,
    "y": 27.861824307060537
  },
  "emotions": {
    "fear": 0.0,
    "joy": 0.4931636151066396,
    "sadness": 0.0,
    "anger": 0.0,
    "love": 0.0,
    "loneliness": 0.40006407184971127,
    "anxiety": 0.34497511528467206,
    "peace": 0.3,
    "trust": 0.48357739055702464
  },
  "memory": {
    "long_term": [],
    "others": {
      "ser_65961": {
        "first_met": 0,
        "times_met": 1,
        "trust": 0.8,
        "feelings": "parent",
        "memories": []
      },
      "ser_09277": {
        "first_met": 0,
        "times_met": 1,
        "trust": 0.8,
        "feelings": "parent",
        "memories": []
      }
    },
    "traumas": [],
    "happy_memories": []
  },
  "mind": {
    "thought_stream": [
      "...",
      "\u00bfQu\u00e9 es esto?",
      "Existo."
    ],
    "questions": [
      "\u00bfQu\u00e9 soy?",
      "\u00bfD\u00f3nde estoy?"
    ],
    "desires": [],
    "fears": [],
    "self_concept": [],
    "beliefs": {},
    "likes": {}
  }
}