{
  "id": "ser_11799",
  "alive": true,
  "birth_tick": 0,
  "death_tick": null,
  "cause_of_death": null,
  "dna": {
    "metabolism": 1.1153291089619808,
    "pain_sensitivity": 0.5305558395527454,
    "energy_capacity": 1.1344309744402998,
    "warmth_tolerance": 1.2711342385539721,
    "recovery_rate": 1.1738253771748124,
    "baseline_anxiety": 0.35998631119451363,
    "baseline_joy": 0.49681702776852577,
    "emotional_intensity": 0.6358196399498746,
    "emotional_stability": 0.8746129752501568,
    "sociability": 0.7227173770620413,
    "empathy": 0.39990676804235903,
    "trust_default": 0.6145011519625228,
    "curiosity": 0.7580043238988334,
    "introspection": 0.6697812746450207,
    "risk_tolerance": 0.7449332019091646,
    "resilience": 0.6944242888611611,
    "death_awareness": 0.5207445578460717,
    "pattern_seeking": 0.3465692080111267,
    "sky_gazing": 0.24890769414006453,
    "earth_grounding": 0.6944348949505134,
    "mystical_sense": 0.49451535997691276,
    "analytical_mind": 0.7321263995027707,
    "creative_spirit": 0.6362284760268319
  },
  "body": {
    "hunger": 70.0,
    "thirst": 70.0,
    "energy": 100.0,
    "warmth": 50.0,
    "health": 100.0,
    "pain": 0.0,
    "pleasure": 0.0,
    "age": 0.0,
    "x": -164.0782498990454,
    "y": -147.20311232096748
  },
  "emotions": {
    "fear": 0.0,
    "joy": 0.49681702776852577,
    "sadness": 0.0,
    "anger": 0.0,
    "love": 0.0,
    "loneliness": 0.2831847868813876,
    "anxiety": 0.35998631119451363,
    "peace": 0.3,
    "trust": 0.6145011519625228
  },
  "memory": {
    "long_term": [],
    "others": {
      "ser_48530": {
        "first_met": 0,
        "times_met": 1,
        "trust": 0.8,
        "feelings": "parent",
        "memories": []
      },
      "ser_36673": {
        "first_met": 0,
        "times_met": 1,
        "trust": 0.8,
        "feelings": "parent",
        "memories": []
      }
    },
    "traumas": [],
    "happy_memories": []
  },
  "mind": {
    "thought_stream": [
      "...",
      "\u00bfQu\u00e9 es esto?",
      "Existo."
    ],
    "questions": [
      "\u00bfQu\u00e9 soy?",
      "\u00bfD\u00f3nde estoy?"
    ],
    "desires": [],
    "fears": [],
    "self_concept": [],
    "beliefs": {},
    "likes": {}
  }
}