{
  "id": "ser_22049",
  "alive": true,
  "birth_tick": 0,
  "death_tick": null,
  "cause_of_death": null,
  "dna": {
    "metabolism": 0.737348583077808,
    "pain_sensitivity": 0.5125173374522208,
    "energy_capacity": 1.1826851039298178,
    "warmth_tolerance": 1.0233512580910886,
    "recovery_rate": 1.122608697030942,
    "baseline_anxiety": 0.2684608837285138,
    "baseline_joy": 0.45128996875061567,
    "emotional_intensity": 1.2633509413883708,
    "emotional_stability": 0.9061997174040959,
    "sociability": 0.37226387575043474,
    "empathy": 0.7856886837696246,
    "trust_default": 0.3123938569449961,
    "curiosity": 0.3202829761126514,
    "introspection": 0.30168594423006984,
    "risk_tolerance": 0.35117893087845753,
    "resilience": 0.7741458782329464,
    "death_awareness": 0.4299707759869209,
    "pattern_seeking": 0.3783616574846784,
    "sky_gazing": 0.243128820892824,
    "earth_grounding": 0.8365782054763544,
    "mystical_sense": 0.7178161556945308,
    "analytical_mind": 0.5387016813808769,
    "creative_spirit": 0.46861596813769824
  },
  "body": {
    "hunger": 70.0,
    "thirst": 70.0,
    "energy": 100.0,
    "warmth": 50.0,
    "health": 100.0,
    "pain": 0.0,
    "pleasure": 0.0,
    "age": 0.0,
    "x": 84.90856710604085,
    "y": 11.976830907717382
  },
  "emotions": {
    "fear": 0.0,
    "joy": 0.45128996875061567,
    "sadness": 0.0,
    "anger": 0.0,
    "love": 0.0,
    "loneliness": 0.3883208372748696,
    "anxiety": 0.2684608837285138,
    "peace": 0.3,
    "trust": 0.3123938569449961
  },
  "memory": {
    "long_term": [],
    "others": {
      "ser_06277": {
        "first_met": 0,
        "times_met": 1,
        "trust": 0.8,
        "feelings": "parent",
        "memories": []
      },
      "ser_19123": {
        "first_met": 0,
        "times_met": 1,
        "trust": 0.8,
        "feelings": "parent",
        "memories": []
      }
    },
    "traumas": [],
    "happy_memories": []
  },
  "mind": {
    "thought_stream": [
      "...",
      "\u00bfQu\u00e9 es esto?",
      "Existo."
    ],
    "questions": [
      "\u00bfQu\u00e9 soy?",
      "\u00bfD\u00f3nde estoy?"
    ],
    "desires": [],
    "fears": [],
    "self_concept": [],
    "beliefs": {},
    "likes": {}
  }
}