{
  "id": "ser_15169",
  "alive": true,
  "birth_tick": 0,
  "death_tick": null,
  "cause_of_death": null,
  "dna": {
    "metabolism": 1.1153291089619808,
    "pain_sensitivity": 0.5305558395527454,
    "energy_capacity": 1.1832614133191603,
    "warmth_tolerance": 1.2875622470485673,
    "recovery_rate": 1.171903498521124,
    "baseline_anxiety": 0.35998631119451363,
    "baseline_joy": 0.41355503137738475,
    "emotional_intensity": 0.7329019864963606,
    "emotional_stability": 0.959804641770428,
    "sociability": 0.3963228789294152,
    "empathy": 0.6192883616762401,
    "trust_default": 0.5086553251017785,
    "curiosity": 0.7580043238988334,
    "introspection": 0.4728188761435188,
    "risk_tolerance": 0.7449332019091646,
    "resilience": 0.6944242888611611,
    "death_awareness": 0.5207445578460717,
    "pattern_seeking": 0.3465692080111267,
    "sky_gazing": 0.24890769414006453,
    "earth_grounding": 0.9994246616251895,
    "mystical_sense": 0.1642144026143318,
    "analytical_mind": 0.7321263995027707,
    "creative_spirit": 0.9640602363725164
  },
  "body": {
    "hunger": 70.0,
    "thirst": 70.0,
    "energy": 100.0,
    "warmth": 50.0,
    "health": 100.0,
    "pain": 0.0,
    "pleasure": 0.0,
    "age": 0.0,
    "x": -159.4987586115646,
    "y": -155.1672368710782
  },
  "emotions": {
    "fear": 0.0,
    "joy": 0.41355503137738475,
    "sadness": 0.0,
    "anger": 0.0,
    "love": 0.0,
    "loneliness": 0.38110313632117543,
    "anxiety": 0.35998631119451363,
    "peace": 0.3,
    "trust": 0.5086553251017785
  },
  "memory": {
    "long_term": [],
    "others": {
      "ser_36673": {
        "first_met": 0,
        "times_met": 1,
        "trust": 0.8,
        "feelings": "parent",
        "memories": []
      },
      "ser_48530": {
        "first_met": 0,
        "times_met": 1,
        "trust": 0.8,
        "feelings": "parent",
        "memories": []
      }
    },
    "traumas": [],
    "happy_memories": []
  },
  "mind": {
    "thought_stream": [
      "...",
      "\u00bfQu\u00e9 es esto?",
      "Existo."
    ],
    "questions": [
      "\u00bfQu\u00e9 soy?",
      "\u00bfD\u00f3nde estoy?"
    ],
    "desires": [],
    "fears": [],
    "self_concept": [],
    "beliefs": {},
    "likes": {}
  }
}