{
  "id": "ser_42285",
  "alive": true,
  "birth_tick": 0,
  "death_tick": null,
  "cause_of_death": null,
  "dna": {
    "metabolism": 1.2181139216454255,
    "pain_sensitivity": 0.9092081696714935,
    "energy_capacity": 0.9748076533105757,
    "warmth_tolerance": 1.186254382335203,
    "recovery_rate": 0.8206382599927856,
    "baseline_anxiety": 0.33660649440492035,
    "baseline_joy": 0.2204448700767485,
    "emotional_intensity": 0.6386001986115839,
    "emotional_stability": 0.9831835947787824,
    "sociability": 0.7568894688357908,
    "empathy": 0.9304492728991636,
    "trust_default": 0.5095928204566084,
    "curiosity": 0.9615547938599505,
    "introspection": 0.5236984103268046,
    "risk_tolerance": 0.4947898150224093,
    "resilience": 0.6851542615510867,
    "death_awareness": 0.391769488412106,
    "pattern_seeking": 0.6575683439065891,
    "sky_gazing": 0.5689073209999731,
    "earth_grounding": 0.22951860410898153,
    "mystical_sense": 0.34248272329898405,
    "analytical_mind": 0.3222361997647329,
    "creative_spirit": 0.45494726550361897
  },
  "body": {
    "hunger": 70.0,
    "thirst": 70.0,
    "energy": 100.0,
    "warmth": 50.0,
    "health": 100.0,
    "pain": 0.0,
    "pleasure": 0.0,
    "age": 0.0,
    "x": -34.949314454449315,
    "y": 22.64478771890366
  },
  "emotions": {
    "fear": 0.0,
    "joy": 0.2204448700767485,
    "sadness": 0.0,
    "anger": 0.0,
    "love": 0.0,
    "loneliness": 0.27293315934926277,
    "anxiety": 0.33660649440492035,
    "peace": 0.3,
    "trust": 0.5095928204566084
  },
  "memory": {
    "long_term": [],
    "others": {
      "ser_88281": {
        "first_met": 0,
        "times_met": 1,
        "trust": 0.8,
        "feelings": "parent",
        "memories": []
      },
      "ser_13555": {
        "first_met": 0,
        "times_met": 1,
        "trust": 0.8,
        "feelings": "parent",
        "memories": []
      }
    },
    "traumas": [],
    "happy_memories": []
  },
  "mind": {
    "thought_stream": [
      "...",
      "\u00bfQu\u00e9 es esto?",
      "Existo."
    ],
    "questions": [
      "\u00bfQu\u00e9 soy?",
      "\u00bfD\u00f3nde estoy?"
    ],
    "desires": [],
    "fears": [],
    "self_concept": [],
    "beliefs": {},
    "likes": {}
  }
}