{
  "id": "ser_07865",
  "alive": true,
  "birth_tick": 0,
  "death_tick": null,
  "cause_of_death": null,
  "dna": {
    "metabolism": 1.1153291089619808,
    "pain_sensitivity": 0.8238047628032575,
    "energy_capacity": 0.9482113290036835,
    "warmth_tolerance": 1.1283818492364701,
    "recovery_rate": 1.0536172506127386,
    "baseline_anxiety": 0.2957567703830066,
    "baseline_joy": 0.49681702776852577,
    "emotional_intensity": 0.7329019864963606,
    "emotional_stability": 0.8746129752501568,
    "sociability": 0.6813562044937367,
    "empathy": 0.39990676804235903,
    "trust_default": 0.3651858465499731,
    "curiosity": 0.865806475155261,
    "introspection": 0.6697812746450207,
    "risk_tolerance": 0.7449332019091646,
    "resilience": 0.6944242888611611,
    "death_awareness": 0.4766348327416277,
    "pattern_seeking": 0.3465692080111267,
    "sky_gazing": 0.38688317523336124,
    "earth_grounding": 0.5727498633738338,
    "mystical_sense": 0.1642144026143318,
    "analytical_mind": 0.5418145289871401,
    "creative_spirit": 0.9640602363725164
  },
  "body": {
    "hunger": 70.0,
    "thirst": 70.0,
    "energy": 100.0,
    "warmth": 50.0,
    "health": 100.0,
    "pain": 0.0,
    "pleasure": 0.0,
    "age": 0.0,
    "x": -161.78825270262692,
    "y": -151.47960854466567
  },
  "emotions": {
    "fear": 0.0,
    "joy": 0.49681702776852577,
    "sadness": 0.0,
    "anger": 0.0,
    "love": 0.0,
    "loneliness": 0.295593138651879,
    "anxiety": 0.2957567703830066,
    "peace": 0.3,
    "trust": 0.3651858465499731
  },
  "memory": {
    "long_term": [],
    "others": {
      "ser_36673": {
        "first_met": 0,
        "times_met": 1,
        "trust": 0.8,
        "feelings": "parent",
        "memories": []
      },
      "ser_48530": {
        "first_met": 0,
        "times_met": 1,
        "trust": 0.8,
        "feelings": "parent",
        "memories": []
      }
    },
    "traumas": [],
    "happy_memories": []
  },
  "mind": {
    "thought_stream": [
      "...",
      "\u00bfQu\u00e9 es esto?",
      "Existo."
    ],
    "questions": [
      "\u00bfQu\u00e9 soy?",
      "\u00bfD\u00f3nde estoy?"
    ],
    "desires": [],
    "fears": [],
    "self_concept": [],
    "beliefs": {},
    "likes": {}
  }
}