{
  "id": "ser_16395",
  "alive": true,
  "birth_tick": 0,
  "death_tick": null,
  "cause_of_death": null,
  "dna": {
    "metabolism": 0.9142031917326344,
    "pain_sensitivity": 1.4650384390255597,
    "energy_capacity": 0.9701906741079623,
    "warmth_tolerance": 0.7541773077945982,
    "recovery_rate": 1.0353275361714012,
    "baseline_anxiety": 0.057376022602786986,
    "baseline_joy": 0.30981970045036555,
    "emotional_intensity": 0.9863245143608432,
    "emotional_stability": 0.9033845208227895,
    "sociability": 0.3331197605009624,
    "empathy": 0.887097347457031,
    "trust_default": 0.4812039472499574,
    "curiosity": 0.3668338956685652,
    "introspection": 0.623086344581515,
    "risk_tolerance": 0.66505287088778,
    "resilience": 0.8149472580212483,
    "death_awareness": 0.23608712151975902,
    "pattern_seeking": 0.635162749473986,
    "sky_gazing": 0.17681856752060765,
    "earth_grounding": 0.13015968758209737,
    "mystical_sense": 0.6191062566270308,
    "analytical_mind": 0.4176761018980273,
    "creative_spirit": 0.6886576824951829
  },
  "body": {
    "hunger": 70.0,
    "thirst": 70.0,
    "energy": 100.0,
    "warmth": 50.0,
    "health": 100.0,
    "pain": 0.0,
    "pleasure": 0.0,
    "age": 0.0,
    "x": -37.23278427308755,
    "y": 22.849419893794057
  },
  "emotions": {
    "fear": 0.0,
    "joy": 0.30981970045036555,
    "sadness": 0.0,
    "anger": 0.0,
    "love": 0.0,
    "loneliness": 0.40006407184971127,
    "anxiety": 0.057376022602786986,
    "peace": 0.3,
    "trust": 0.4812039472499574
  },
  "memory": {
    "long_term": [],
    "others": {
      "ser_51158": {
        "first_met": 0,
        "times_met": 1,
        "trust": 0.8,
        "feelings": "parent",
        "memories": []
      },
      "ser_09277": {
        "first_met": 0,
        "times_met": 1,
        "trust": 0.8,
        "feelings": "parent",
        "memories": []
      }
    },
    "traumas": [],
    "happy_memories": []
  },
  "mind": {
    "thought_stream": [
      "...",
      "\u00bfQu\u00e9 es esto?",
      "Existo."
    ],
    "questions": [
      "\u00bfQu\u00e9 soy?",
      "\u00bfD\u00f3nde estoy?"
    ],
    "desires": [],
    "fears": [],
    "self_concept": [],
    "beliefs": {},
    "likes": {}
  }
}