{
  "id": "ser_79507",
  "alive": true,
  "birth_tick": 0,
  "death_tick": null,
  "cause_of_death": null,
  "dna": {
    "metabolism": 0.770034550119125,
    "pain_sensitivity": 0.6104957238379208,
    "energy_capacity": 1.0370108151481738,
    "warmth_tolerance": 0.9334418844201171,
    "recovery_rate": 1.1303417089532575,
    "baseline_anxiety": 0.34497511528467206,
    "baseline_joy": 0.41360538370365285,
    "emotional_intensity": 1.3382168718575496,
    "emotional_stability": 0.516109184212568,
    "sociability": 0.3331197605009624,
    "empathy": 0.4896251755343851,
    "trust_default": 0.322547591820802,
    "curiosity": 0.553024503606866,
    "introspection": 0.5037188384799104,
    "risk_tolerance": 0.21962651763956456,
    "resilience": 0.8149472580212483,
    "death_awareness": 0.23608712151975902,
    "pattern_seeking": 0.2056196475564187,
    "sky_gazing": 0.26238956183718787,
    "earth_grounding": 0.3001286789753045,
    "mystical_sense": 0.9117436832876736,
    "analytical_mind": 0.45224727290660754,
    "creative_spirit": 0.45494726550361897
  },
  "body": {
    "hunger": 70.0,
    "thirst": 70.0,
    "energy": 100.0,
    "warmth": 50.0,
    "health": 100.0,
    "pain": 0.0,
    "pleasure": 0.0,
    "age": 0.0,
    "x": -40.80299381889816,
    "y": 21.373208200889447
  },
  "emotions": {
    "fear": 0.0,
    "joy": 0.41360538370365285,
    "sadness": 0.0,
    "anger": 0.0,
    "love": 0.0,
    "loneliness": 0.40006407184971127,
    "anxiety": 0.34497511528467206,
    "peace": 0.3,
    "trust": 0.322547591820802
  },
  "memory": {
    "long_term": [],
    "others": {
      "ser_89796": {
        "first_met": 0,
        "times_met": 1,
        "trust": 0.8,
        "feelings": "parent",
        "memories": []
      },
      "ser_44829": {
        "first_met": 0,
        "times_met": 1,
        "trust": 0.8,
        "feelings": "parent",
        "memories": []
      }
    },
    "traumas": [],
    "happy_memories": []
  },
  "mind": {
    "thought_stream": [
      "...",
      "\u00bfQu\u00e9 es esto?",
      "Existo."
    ],
    "questions": [
      "\u00bfQu\u00e9 soy?",
      "\u00bfD\u00f3nde estoy?"
    ],
    "desires": [],
    "fears": [],
    "self_concept": [],
    "beliefs": {},
    "likes": {}
  }
}