{
  "id": "ser_19388",
  "alive": true,
  "birth_tick": 0,
  "death_tick": null,
  "cause_of_death": null,
  "dna": {
    "metabolism": 0.7735834764781174,
    "pain_sensitivity": 1.4695641536154533,
    "energy_capacity": 0.8694953770046991,
    "warmth_tolerance": 0.7399835985881714,
    "recovery_rate": 1.0353275361714012,
    "baseline_anxiety": 0.11396863565432619,
    "baseline_joy": 0.41360538370365285,
    "emotional_intensity": 0.9863245143608432,
    "emotional_stability": 0.516109184212568,
    "sociability": 0.34300930256497086,
    "empathy": 0.4896251755343851,
    "trust_default": 0.4812039472499574,
    "curiosity": 0.4766321996236868,
    "introspection": 0.5668435931825774,
    "risk_tolerance": 0.21962651763956456,
    "resilience": 0.8149472580212483,
    "death_awareness": 0.46219222363023116,
    "pattern_seeking": 0.6575683439065891,
    "sky_gazing": 0.26238956183718787,
    "earth_grounding": 0.3001286789753045,
    "mystical_sense": 0.9117436832876736,
    "analytical_mind": 0.4343358470653554,
    "creative_spirit": 0.45494726550361897
  },
  "body": {
    "hunger": 70.0,
    "thirst": 70.0,
    "energy": 100.0,
    "warmth": 50.0,
    "health": 100.0,
    "pain": 0.0,
    "pleasure": 0.0,
    "age": 0.0,
    "x": -34.29317650964662,
    "y": 26.419186919973434
  },
  "emotions": {
    "fear": 0.0,
    "joy": 0.41360538370365285,
    "sadness": 0.0,
    "anger": 0.0,
    "love": 0.0,
    "loneliness": 0.39709720923050873,
    "anxiety": 0.11396863565432619,
    "peace": 0.3,
    "trust": 0.4812039472499574
  },
  "memory": {
    "long_term": [],
    "others": {
      "ser_89796": {
        "first_met": 0,
        "times_met": 1,
        "trust": 0.8,
        "feelings": "parent",
        "memories": []
      },
      "ser_44829": {
        "first_met": 0,
        "times_met": 1,
        "trust": 0.8,
        "feelings": "parent",
        "memories": []
      }
    },
    "traumas": [],
    "happy_memories": []
  },
  "mind": {
    "thought_stream": [
      "...",
      "\u00bfQu\u00e9 es esto?",
      "Existo."
    ],
    "questions": [
      "\u00bfQu\u00e9 soy?",
      "\u00bfD\u00f3nde estoy?"
    ],
    "desires": [],
    "fears": [],
    "self_concept": [],
    "beliefs": {},
    "likes": {}
  }
}