{
  "id": "ser_85140",
  "alive": true,
  "birth_tick": 0,
  "death_tick": null,
  "cause_of_death": null,
  "dna": {
    "metabolism": 0.7437559601126804,
    "pain_sensitivity": 0.7194844173064374,
    "energy_capacity": 0.8142973718386893,
    "warmth_tolerance": 0.9066908424189868,
    "recovery_rate": 1.0856295788497232,
    "baseline_anxiety": 0.07929340214428925,
    "baseline_joy": 0.3551855747995679,
    "emotional_intensity": 1.2508469398353652,
    "emotional_stability": 0.6415394883332167,
    "sociability": 0.7251266843619615,
    "empathy": 0.4452573067039174,
    "trust_default": 0.5228643101157939,
    "curiosity": 0.3698571540960265,
    "introspection": 0.46212364285239793,
    "risk_tolerance": 0.4812301512085524,
    "resilience": 0.8158116751326767,
    "death_awareness": 0.6926220688344209,
    "pattern_seeking": 0.2514925007059919,
    "sky_gazing": 0.6548051735222088,
    "earth_grounding": 0.4947370487080764,
    "mystical_sense": 0.2997651408571285,
    "analytical_mind": 0.8598509444391425,
    "creative_spirit": 0.40635100898343535
  },
  "body": {
    "hunger": 70.0,
    "thirst": 70.0,
    "energy": 100.0,
    "warmth": 50.0,
    "health": 100.0,
    "pain": 0.0,
    "pleasure": 0.0,
    "age": 0.0,
    "x": 13.830540420194174,
    "y": 45.96381669670471
  },
  "emotions": {
    "fear": 0.0,
    "joy": 0.3551855747995679,
    "sadness": 0.0,
    "anger": 0.0,
    "love": 0.0,
    "loneliness": 0.28246199469141153,
    "anxiety": 0.07929340214428925,
    "peace": 0.3,
    "trust": 0.5228643101157939
  },
  "memory": {
    "long_term": [],
    "others": {
      "ser_27994": {
        "first_met": 0,
        "times_met": 1,
        "trust": 0.8,
        "feelings": "parent",
        "memories": []
      },
      "ser_83475": {
        "first_met": 0,
        "times_met": 1,
        "trust": 0.8,
        "feelings": "parent",
        "memories": []
      }
    },
    "traumas": [],
    "happy_memories": []
  },
  "mind": {
    "thought_stream": [
      "...",
      "\u00bfQu\u00e9 es esto?",
      "Existo."
    ],
    "questions": [
      "\u00bfQu\u00e9 soy?",
      "\u00bfD\u00f3nde estoy?"
    ],
    "desires": [],
    "fears": [],
    "self_concept": [],
    "beliefs": {},
    "likes": {}
  }
}