{
  "id": "ser_41378",
  "alive": true,
  "birth_tick": 0,
  "death_tick": null,
  "cause_of_death": null,
  "dna": {
    "metabolism": 1.077792948482871,
    "pain_sensitivity": 0.7270666619254723,
    "energy_capacity": 1.0163351312469067,
    "warmth_tolerance": 1.0179513249871688,
    "recovery_rate": 1.078517139030017,
    "baseline_anxiety": 0.028501196738311085,
    "baseline_joy": 0.3223612828421957,
    "emotional_intensity": 1.0387703812470352,
    "emotional_stability": 0.6443804879766493,
    "sociability": 0.9670838410463294,
    "empathy": 0.8581398155533553,
    "trust_default": 0.44603615401706864,
    "curiosity": 0.8567550266697177,
    "introspection": 0.7123244293981739,
    "risk_tolerance": 0.6217049450455896,
    "resilience": 0.90260249636876,
    "death_awareness": 0.5362679012614812,
    "pattern_seeking": 0.8391000664108239,
    "sky_gazing": 0.22570881636407605,
    "earth_grounding": 0.5812347161604462,
    "mystical_sense": 0.46251079265768735,
    "analytical_mind": 0.6102141786543924,
    "creative_spirit": 0.9936642374601772
  },
  "body": {
    "hunger": 70.0,
    "thirst": 70.0,
    "energy": 100.0,
    "warmth": 50.0,
    "health": 100.0,
    "pain": 0.0,
    "pleasure": 0.0,
    "age": 0.0,
    "x": 21.335243807932482,
    "y": -10.116908545459133
  },
  "emotions": {
    "fear": 0.0,
    "joy": 0.3223612828421957,
    "sadness": 0.0,
    "anger": 0.0,
    "love": 0.0,
    "loneliness": 0.2098748476861012,
    "anxiety": 0.028501196738311085,
    "peace": 0.3,
    "trust": 0.44603615401706864
  },
  "memory": {
    "long_term": [],
    "others": {
      "ser_05737": {
        "first_met": 0,
        "times_met": 1,
        "trust": 0.8,
        "feelings": "parent",
        "memories": []
      },
      "ser_30674": {
        "first_met": 0,
        "times_met": 1,
        "trust": 0.8,
        "feelings": "parent",
        "memories": []
      }
    },
    "traumas": [],
    "happy_memories": []
  },
  "mind": {
    "thought_stream": [
      "...",
      "\u00bfQu\u00e9 es esto?",
      "Existo."
    ],
    "questions": [
      "\u00bfQu\u00e9 soy?",
      "\u00bfD\u00f3nde estoy?"
    ],
    "desires": [],
    "fears": [],
    "self_concept": [],
    "beliefs": {},
    "likes": {}
  }
}