{
  "id": "ser_02831",
  "alive": true,
  "birth_tick": 0,
  "death_tick": null,
  "cause_of_death": null,
  "dna": {
    "metabolism": 1.2181139216454255,
    "pain_sensitivity": 1.471168265111539,
    "energy_capacity": 0.9748076533105757,
    "warmth_tolerance": 0.9063063827034809,
    "recovery_rate": 0.8229309597982046,
    "baseline_anxiety": 0.34497511528467206,
    "baseline_joy": 0.2204448700767485,
    "emotional_intensity": 1.3809497021443258,
    "emotional_stability": 0.5274920638403442,
    "sociability": 0.5424528671109402,
    "empathy": 0.35755288556492315,
    "trust_default": 0.6963748603299822,
    "curiosity": 0.9615547938599505,
    "introspection": 0.5236984103268046,
    "risk_tolerance": 0.41130297508623564,
    "resilience": 0.7116765281736255,
    "death_awareness": 0.20457285459759833,
    "pattern_seeking": 0.6575683439065891,
    "sky_gazing": 0.5689073209999731,
    "earth_grounding": 0.43117776645751427,
    "mystical_sense": 0.41945179304991265,
    "analytical_mind": 0.2352631401595816,
    "creative_spirit": 0.45494726550361897
  },
  "body": {
    "hunger": 70.0,
    "thirst": 70.0,
    "energy": 100.0,
    "warmth": 50.0,
    "health": 100.0,
    "pain": 0.0,
    "pleasure": 0.0,
    "age": 0.0,
    "x": -37.45819226482554,
    "y": 20.423263303723754
  },
  "emotions": {
    "fear": 0.0,
    "joy": 0.2204448700767485,
    "sadness": 0.0,
    "anger": 0.0,
    "love": 0.0,
    "loneliness": 0.33726413986671794,
    "anxiety": 0.34497511528467206,
    "peace": 0.3,
    "trust": 0.6963748603299822
  },
  "memory": {
    "long_term": [],
    "others": {
      "ser_88281": {
        "first_met": 0,
        "times_met": 1,
        "trust": 0.8,
        "feelings": "parent",
        "memories": []
      },
      "ser_13555": {
        "first_met": 0,
        "times_met": 1,
        "trust": 0.8,
        "feelings": "parent",
        "memories": []
      }
    },
    "traumas": [],
    "happy_memories": []
  },
  "mind": {
    "thought_stream": [
      "...",
      "\u00bfQu\u00e9 es esto?",
      "Existo."
    ],
    "questions": [
      "\u00bfQu\u00e9 soy?",
      "\u00bfD\u00f3nde estoy?"
    ],
    "desires": [],
    "fears": [],
    "self_concept": [],
    "beliefs": {},
    "likes": {}
  }
}