{
  "id": "ser_09123",
  "alive": true,
  "birth_tick": 0,
  "death_tick": null,
  "cause_of_death": null,
  "dna": {
    "metabolism": 1.1153291089619808,
    "pain_sensitivity": 0.5305558395527454,
    "energy_capacity": 1.1832614133191603,
    "warmth_tolerance": 1.1283818492364701,
    "recovery_rate": 1.1086280105690076,
    "baseline_anxiety": 0.2957567703830066,
    "baseline_joy": 0.41355503137738475,
    "emotional_intensity": 0.6238288532595629,
    "emotional_stability": 0.9415409545891665,
    "sociability": 0.850585793633438,
    "empathy": 0.6617194403352693,
    "trust_default": 0.6145011519625228,
    "curiosity": 0.8781433917941155,
    "introspection": 0.4728188761435188,
    "risk_tolerance": 0.3936182737068626,
    "resilience": 0.7125895775345257,
    "death_awareness": 0.5207445578460717,
    "pattern_seeking": 0.3465692080111267,
    "sky_gazing": 0.38688317523336124,
    "earth_grounding": 0.5727498633738338,
    "mystical_sense": 0.1642144026143318,
    "analytical_mind": 0.5418145289871401,
    "creative_spirit": 0.9640602363725164
  },
  "body": {
    "hunger": 70.0,
    "thirst": 70.0,
    "energy": 100.0,
    "warmth": 50.0,
    "health": 100.0,
    "pain": 0.0,
    "pleasure": 0.0,
    "age": 0.0,
    "x": -163.1943146467395,
    "y": -154.56828699102923
  },
  "emotions": {
    "fear": 0.0,
    "joy": 0.41355503137738475,
    "sadness": 0.0,
    "anger": 0.0,
    "love": 0.0,
    "loneliness": 0.2448242619099686,
    "anxiety": 0.2957567703830066,
    "peace": 0.3,
    "trust": 0.6145011519625228
  },
  "memory": {
    "long_term": [],
    "others": {
      "ser_48530": {
        "first_met": 0,
        "times_met": 1,
        "trust": 0.8,
        "feelings": "parent",
        "memories": []
      },
      "ser_36673": {
        "first_met": 0,
        "times_met": 1,
        "trust": 0.8,
        "feelings": "parent",
        "memories": []
      }
    },
    "traumas": [],
    "happy_memories": []
  },
  "mind": {
    "thought_stream": [
      "...",
      "\u00bfQu\u00e9 es esto?",
      "Existo."
    ],
    "questions": [
      "\u00bfQu\u00e9 soy?",
      "\u00bfD\u00f3nde estoy?"
    ],
    "desires": [],
    "fears": [],
    "self_concept": [],
    "beliefs": {},
    "likes": {}
  }
}