{
  "id": "ser_30311",
  "alive": true,
  "birth_tick": 0,
  "death_tick": null,
  "cause_of_death": null,
  "dna": {
    "metabolism": 1.007029973441592,
    "pain_sensitivity": 1.0310232504908332,
    "energy_capacity": 1.1832614133191603,
    "warmth_tolerance": 1.240020383942918,
    "recovery_rate": 1.171903498521124,
    "baseline_anxiety": 0.2658499427144222,
    "baseline_joy": 0.49681702776852577,
    "emotional_intensity": 0.6191909611165745,
    "emotional_stability": 0.959804641770428,
    "sociability": 0.3963228789294152,
    "empathy": 0.7974456082395305,
    "trust_default": 0.6145011519625228,
    "curiosity": 0.7580043238988334,
    "introspection": 0.6697812746450207,
    "risk_tolerance": 0.7449332019091646,
    "resilience": 0.6944242888611611,
    "death_awareness": 0.5547744070402554,
    "pattern_seeking": 0.3465692080111267,
    "sky_gazing": 0.38688317523336124,
    "earth_grounding": 0.5727498633738338,
    "mystical_sense": 0.1642144026143318,
    "analytical_mind": 0.7321263995027707,
    "creative_spirit": 0.6362284760268319
  },
  "body": {
    "hunger": 70.0,
    "thirst": 70.0,
    "energy": 100.0,
    "warmth": 50.0,
    "health": 100.0,
    "pain": 0.0,
    "pleasure": 0.0,
    "age": 0.0,
    "x": -174.76331836533697,
    "y": -150.28617160241998
  },
  "emotions": {
    "fear": 0.0,
    "joy": 0.49681702776852577,
    "sadness": 0.0,
    "anger": 0.0,
    "love": 0.0,
    "loneliness": 0.38110313632117543,
    "anxiety": 0.2658499427144222,
    "peace": 0.3,
    "trust": 0.6145011519625228
  },
  "memory": {
    "long_term": [],
    "others": {
      "ser_48530": {
        "first_met": 0,
        "times_met": 1,
        "trust": 0.8,
        "feelings": "parent",
        "memories": []
      },
      "ser_36673": {
        "first_met": 0,
        "times_met": 1,
        "trust": 0.8,
        "feelings": "parent",
        "memories": []
      }
    },
    "traumas": [],
    "happy_memories": []
  },
  "mind": {
    "thought_stream": [
      "...",
      "\u00bfQu\u00e9 es esto?",
      "Existo."
    ],
    "questions": [
      "\u00bfQu\u00e9 soy?",
      "\u00bfD\u00f3nde estoy?"
    ],
    "desires": [],
    "fears": [],
    "self_concept": [],
    "beliefs": {},
    "likes": {}
  }
}