{
  "id": "ser_32788",
  "alive": true,
  "birth_tick": 0,
  "death_tick": null,
  "cause_of_death": null,
  "dna": {
    "metabolism": 0.9142031917326344,
    "pain_sensitivity": 1.4695641536154533,
    "energy_capacity": 0.9451300065875032,
    "warmth_tolerance": 0.7399835985881714,
    "recovery_rate": 1.1303417089532575,
    "baseline_anxiety": 0.11396863565432619,
    "baseline_joy": 0.41360538370365285,
    "emotional_intensity": 1.3382168718575496,
    "emotional_stability": 0.9831835947787824,
    "sociability": 0.3518006533710827,
    "empathy": 0.4896251755343851,
    "trust_default": 0.33180581733312814,
    "curiosity": 0.553024503606866,
    "introspection": 0.5037188384799104,
    "risk_tolerance": 0.66505287088778,
    "resilience": 0.8423933797082408,
    "death_awareness": 0.46219222363023116,
    "pattern_seeking": 0.2056196475564187,
    "sky_gazing": 0.26238956183718787,
    "earth_grounding": 0.34302183874731773,
    "mystical_sense": 0.41945179304991265,
    "analytical_mind": 0.4200695855917146,
    "creative_spirit": 0.26469251949502476
  },
  "body": {
    "hunger": 70.0,
    "thirst": 70.0,
    "energy": 100.0,
    "warmth": 50.0,
    "health": 100.0,
    "pain": 0.0,
    "pleasure": 0.0,
    "age": 0.0,
    "x": -46.36583279074148,
    "y": 15.355990430723182
  },
  "emotions": {
    "fear": 0.0,
    "joy": 0.41360538370365285,
    "sadness": 0.0,
    "anger": 0.0,
    "love": 0.0,
    "loneliness": 0.3944598039886752,
    "anxiety": 0.11396863565432619,
    "peace": 0.3,
    "trust": 0.33180581733312814
  },
  "memory": {
    "long_term": [],
    "others": {
      "ser_89796": {
        "first_met": 0,
        "times_met": 1,
        "trust": 0.8,
        "feelings": "parent",
        "memories": []
      },
      "ser_44829": {
        "first_met": 0,
        "times_met": 1,
        "trust": 0.8,
        "feelings": "parent",
        "memories": []
      }
    },
    "traumas": [],
    "happy_memories": []
  },
  "mind": {
    "thought_stream": [
      "...",
      "\u00bfQu\u00e9 es esto?",
      "Existo."
    ],
    "questions": [
      "\u00bfQu\u00e9 soy?",
      "\u00bfD\u00f3nde estoy?"
    ],
    "desires": [],
    "fears": [],
    "self_concept": [],
    "beliefs": {},
    "likes": {}
  }
}