{
  "id": "ser_41869",
  "alive": true,
  "birth_tick": 0,
  "death_tick": null,
  "cause_of_death": null,
  "dna": {
    "metabolism": 1.1457530648095122,
    "pain_sensitivity": 1.0310232504908332,
    "energy_capacity": 1.1832614133191603,
    "warmth_tolerance": 1.1283818492364701,
    "recovery_rate": 1.171903498521124,
    "baseline_anxiety": 0.35998631119451363,
    "baseline_joy": 0.41355503137738475,
    "emotional_intensity": 0.7329019864963606,
    "emotional_stability": 0.8746129752501568,
    "sociability": 0.3963228789294152,
    "empathy": 0.39990676804235903,
    "trust_default": 0.6145011519625228,
    "curiosity": 0.7879662892405582,
    "introspection": 0.6697812746450207,
    "risk_tolerance": 0.3936182737068626,
    "resilience": 0.7125895775345257,
    "death_awareness": 0.5207445578460717,
    "pattern_seeking": 0.3465692080111267,
    "sky_gazing": 0.24890769414006453,
    "earth_grounding": 0.5727498633738338,
    "mystical_sense": 0.49451535997691276,
    "analytical_mind": 0.5418145289871401,
    "creative_spirit": 0.6362284760268319
  },
  "body": {
    "hunger": 70.0,
    "thirst": 70.0,
    "energy": 100.0,
    "warmth": 50.0,
    "health": 100.0,
    "pain": 0.0,
    "pleasure": 0.0,
    "age": 0.0,
    "x": -168.7478576681804,
    "y": -153.03647283236876
  },
  "emotions": {
    "fear": 0.0,
    "joy": 0.41355503137738475,
    "sadness": 0.0,
    "anger": 0.0,
    "love": 0.0,
    "loneliness": 0.38110313632117543,
    "anxiety": 0.35998631119451363,
    "peace": 0.3,
    "trust": 0.6145011519625228
  },
  "memory": {
    "long_term": [],
    "others": {
      "ser_36673": {
        "first_met": 0,
        "times_met": 1,
        "trust": 0.8,
        "feelings": "parent",
        "memories": []
      },
      "ser_48530": {
        "first_met": 0,
        "times_met": 1,
        "trust": 0.8,
        "feelings": "parent",
        "memories": []
      }
    },
    "traumas": [],
    "happy_memories": []
  },
  "mind": {
    "thought_stream": [
      "...",
      "\u00bfQu\u00e9 es esto?",
      "Existo."
    ],
    "questions": [
      "\u00bfQu\u00e9 soy?",
      "\u00bfD\u00f3nde estoy?"
    ],
    "desires": [],
    "fears": [],
    "self_concept": [],
    "beliefs": {},
    "likes": {}
  }
}