{
  "id": "ser_39734",
  "alive": true,
  "birth_tick": 0,
  "death_tick": null,
  "cause_of_death": null,
  "dna": {
    "metabolism": 0.7082957964160796,
    "pain_sensitivity": 0.6495487903564433,
    "energy_capacity": 0.8799916795165198,
    "warmth_tolerance": 0.9066908424189868,
    "recovery_rate": 0.9453790708953596,
    "baseline_anxiety": 0.24691276685532448,
    "baseline_joy": 0.3551855747995679,
    "emotional_intensity": 0.931730910513686,
    "emotional_stability": 0.8455976461590793,
    "sociability": 0.34768909987116314,
    "empathy": 0.3916181181387649,
    "trust_default": 0.5918916830406279,
    "curiosity": 0.3698571540960265,
    "introspection": 0.46212364285239793,
    "risk_tolerance": 0.44561872556992715,
    "resilience": 0.8158116751326767,
    "death_awareness": 0.5312900499779405,
    "pattern_seeking": 0.2514925007059919,
    "sky_gazing": 0.6548051735222088,
    "earth_grounding": 0.2642921084248231,
    "mystical_sense": 0.2650103408891804,
    "analytical_mind": 0.8598509444391425,
    "creative_spirit": 0.40635100898343535
  },
  "body": {
    "hunger": 70.0,
    "thirst": 70.0,
    "energy": 100.0,
    "warmth": 50.0,
    "health": 100.0,
    "pain": 0.0,
    "pleasure": 0.0,
    "age": 0.0,
    "x": 9.839240343183983,
    "y": 41.331436486086794
  },
  "emotions": {
    "fear": 0.0,
    "joy": 0.3551855747995679,
    "sadness": 0.0,
    "anger": 0.0,
    "love": 0.0,
    "loneliness": 0.39569327003865107,
    "anxiety": 0.24691276685532448,
    "peace": 0.3,
    "trust": 0.5918916830406279
  },
  "memory": {
    "long_term": [],
    "others": {
      "ser_28629": {
        "first_met": 0,
        "times_met": 1,
        "trust": 0.8,
        "feelings": "parent",
        "memories": []
      },
      "ser_83475": {
        "first_met": 0,
        "times_met": 1,
        "trust": 0.8,
        "feelings": "parent",
        "memories": []
      }
    },
    "traumas": [],
    "happy_memories": []
  },
  "mind": {
    "thought_stream": [
      "...",
      "\u00bfQu\u00e9 es esto?",
      "Existo."
    ],
    "questions": [
      "\u00bfQu\u00e9 soy?",
      "\u00bfD\u00f3nde estoy?"
    ],
    "desires": [],
    "fears": [],
    "self_concept": [],
    "beliefs": {},
    "likes": {}
  }
}