{
  "id": "ser_59240",
  "alive": true,
  "birth_tick": 0,
  "death_tick": null,
  "cause_of_death": null,
  "dna": {
    "metabolism": 1.2181139216454255,
    "pain_sensitivity": 1.1379344076773543,
    "energy_capacity": 0.8694953770046991,
    "warmth_tolerance": 0.7757469924283172,
    "recovery_rate": 0.8229309597982046,
    "baseline_anxiety": 0.3248634537125704,
    "baseline_joy": 0.2204448700767485,
    "emotional_intensity": 0.6386001986115839,
    "emotional_stability": 0.5274920638403442,
    "sociability": 0.6226093178217167,
    "empathy": 0.6456147476178262,
    "trust_default": 0.6963748603299822,
    "curiosity": 0.9615547938599505,
    "introspection": 0.5987239085258055,
    "risk_tolerance": 0.41130297508623564,
    "resilience": 0.8004984259755188,
    "death_awareness": 0.20457285459759833,
    "pattern_seeking": 0.6575683439065891,
    "sky_gazing": 0.26238956183718787,
    "earth_grounding": 0.22951860410898153,
    "mystical_sense": 0.34248272329898405,
    "analytical_mind": 0.27907631132240107,
    "creative_spirit": 0.3102427716539916
  },
  "body": {
    "hunger": 70.0,
    "thirst": 70.0,
    "energy": 100.0,
    "warmth": 50.0,
    "health": 100.0,
    "pain": 0.0,
    "pleasure": 0.0,
    "age": 0.0,
    "x": -34.8219972733701,
    "y": 26.31815124431471
  },
  "emotions": {
    "fear": 0.0,
    "joy": 0.2204448700767485,
    "sadness": 0.0,
    "anger": 0.0,
    "love": 0.0,
    "loneliness": 0.313217204653485,
    "anxiety": 0.3248634537125704,
    "peace": 0.3,
    "trust": 0.6963748603299822
  },
  "memory": {
    "long_term": [],
    "others": {
      "ser_88281": {
        "first_met": 0,
        "times_met": 1,
        "trust": 0.8,
        "feelings": "parent",
        "memories": []
      },
      "ser_13555": {
        "first_met": 0,
        "times_met": 1,
        "trust": 0.8,
        "feelings": "parent",
        "memories": []
      }
    },
    "traumas": [],
    "happy_memories": []
  },
  "mind": {
    "thought_stream": [
      "...",
      "\u00bfQu\u00e9 es esto?",
      "Existo."
    ],
    "questions": [
      "\u00bfQu\u00e9 soy?",
      "\u00bfD\u00f3nde estoy?"
    ],
    "desires": [],
    "fears": [],
    "self_concept": [],
    "beliefs": {},
    "likes": {}
  }
}