{
  "id": "ser_02961",
  "alive": true,
  "birth_tick": 0,
  "death_tick": null,
  "cause_of_death": null,
  "dna": {
    "metabolism": 1.2181139216454255,
    "pain_sensitivity": 0.9092081696714935,
    "energy_capacity": 0.8909950423791789,
    "warmth_tolerance": 0.7757469924283172,
    "recovery_rate": 0.8229309597982046,
    "baseline_anxiety": 0.3956698627333571,
    "baseline_joy": 0.2204448700767485,
    "emotional_intensity": 1.0820053954123472,
    "emotional_stability": 0.9831835947787824,
    "sociability": 0.325397576337597,
    "empathy": 0.9304492728991636,
    "trust_default": 0.3536689263315305,
    "curiosity": 0.7831577076511111,
    "introspection": 0.5528543345482547,
    "risk_tolerance": 0.41130297508623564,
    "resilience": 0.8004984259755188,
    "death_awareness": 0.20457285459759833,
    "pattern_seeking": 0.39762801648561735,
    "sky_gazing": 0.5689073209999731,
    "earth_grounding": 0.29692061165244904,
    "mystical_sense": 0.34248272329898405,
    "analytical_mind": 0.3222361997647329,
    "creative_spirit": 0.45494726550361897
  },
  "body": {
    "hunger": 70.0,
    "thirst": 70.0,
    "energy": 100.0,
    "warmth": 50.0,
    "health": 100.0,
    "pain": 0.0,
    "pleasure": 0.0,
    "age": 0.0,
    "x": -30.02089286308128,
    "y": 28.25312957034358
  },
  "emotions": {
    "fear": 0.0,
    "joy": 0.2204448700767485,
    "sadness": 0.0,
    "anger": 0.0,
    "love": 0.0,
    "loneliness": 0.4023807270987209,
    "anxiety": 0.3956698627333571,
    "peace": 0.3,
    "trust": 0.3536689263315305
  },
  "memory": {
    "long_term": [],
    "others": {
      "ser_88281": {
        "first_met": 0,
        "times_met": 1,
        "trust": 0.8,
        "feelings": "parent",
        "memories": []
      },
      "ser_13555": {
        "first_met": 0,
        "times_met": 1,
        "trust": 0.8,
        "feelings": "parent",
        "memories": []
      }
    },
    "traumas": [],
    "happy_memories": []
  },
  "mind": {
    "thought_stream": [
      "...",
      "\u00bfQu\u00e9 es esto?",
      "Existo."
    ],
    "questions": [
      "\u00bfQu\u00e9 soy?",
      "\u00bfD\u00f3nde estoy?"
    ],
    "desires": [],
    "fears": [],
    "self_concept": [],
    "beliefs": {},
    "likes": {}
  }
}