{
  "id": "ser_46161",
  "alive": true,
  "birth_tick": 0,
  "death_tick": null,
  "cause_of_death": null,
  "dna": {
    "metabolism": 1.1153291089619808,
    "pain_sensitivity": 0.5305558395527454,
    "energy_capacity": 1.0592039888439169,
    "warmth_tolerance": 1.1283818492364701,
    "recovery_rate": 1.171903498521124,
    "baseline_anxiety": 0.349730090727549,
    "baseline_joy": 0.45348061725473043,
    "emotional_intensity": 0.7329019864963606,
    "emotional_stability": 0.8746129752501568,
    "sociability": 0.850585793633438,
    "empathy": 0.39990676804235903,
    "trust_default": 0.3651858465499731,
    "curiosity": 0.7580043238988334,
    "introspection": 0.4728188761435188,
    "risk_tolerance": 0.3936182737068626,
    "resilience": 0.6944242888611611,
    "death_awareness": 0.5207445578460717,
    "pattern_seeking": 0.601454924844704,
    "sky_gazing": 0.27003769892016355,
    "earth_grounding": 0.9994246616251895,
    "mystical_sense": 0.1642144026143318,
    "analytical_mind": 0.7321263995027707,
    "creative_spirit": 0.8155750126871311
  },
  "body": {
    "hunger": 70.0,
    "thirst": 70.0,
    "energy": 100.0,
    "warmth": 50.0,
    "health": 100.0,
    "pain": 0.0,
    "pleasure": 0.0,
    "age": 0.0,
    "x": -161.63130706380738,
    "y": -149.11121915230757
  },
  "emotions": {
    "fear": 0.0,
    "joy": 0.45348061725473043,
    "sadness": 0.0,
    "anger": 0.0,
    "love": 0.0,
    "loneliness": 0.2448242619099686,
    "anxiety": 0.349730090727549,
    "peace": 0.3,
    "trust": 0.3651858465499731
  },
  "memory": {
    "long_term": [],
    "others": {
      "ser_36673": {
        "first_met": 0,
        "times_met": 1,
        "trust": 0.8,
        "feelings": "parent",
        "memories": []
      },
      "ser_48530": {
        "first_met": 0,
        "times_met": 1,
        "trust": 0.8,
        "feelings": "parent",
        "memories": []
      }
    },
    "traumas": [],
    "happy_memories": []
  },
  "mind": {
    "thought_stream": [
      "...",
      "\u00bfQu\u00e9 es esto?",
      "Existo."
    ],
    "questions": [
      "\u00bfQu\u00e9 soy?",
      "\u00bfD\u00f3nde estoy?"
    ],
    "desires": [],
    "fears": [],
    "self_concept": [],
    "beliefs": {},
    "likes": {}
  }
}