{
  "id": "ser_37884",
  "alive": true,
  "birth_tick": 0,
  "death_tick": null,
  "cause_of_death": null,
  "dna": {
    "metabolism": 0.9142031917326344,
    "pain_sensitivity": 1.4695641536154533,
    "energy_capacity": 1.0287656539616983,
    "warmth_tolerance": 1.186254382335203,
    "recovery_rate": 1.1303417089532575,
    "baseline_anxiety": 0.11396863565432619,
    "baseline_joy": 0.46990254670771003,
    "emotional_intensity": 1.3382168718575496,
    "emotional_stability": 0.9831835947787824,
    "sociability": 0.3331197605009624,
    "empathy": 0.887097347457031,
    "trust_default": 0.4812039472499574,
    "curiosity": 0.508657499302415,
    "introspection": 0.5037188384799104,
    "risk_tolerance": 0.66505287088778,
    "resilience": 0.8149472580212483,
    "death_awareness": 0.23608712151975902,
    "pattern_seeking": 0.49550743603369074,
    "sky_gazing": 0.26238956183718787,
    "earth_grounding": 0.54571107512995,
    "mystical_sense": 0.6410656055235707,
    "analytical_mind": 0.4200695855917146,
    "creative_spirit": 0.45494726550361897
  },
  "body": {
    "hunger": 70.0,
    "thirst": 70.0,
    "energy": 100.0,
    "warmth": 50.0,
    "health": 100.0,
    "pain": 0.0,
    "pleasure": 0.0,
    "age": 0.0,
    "x": -34.12781671098317,
    "y": 23.392196200357006
  },
  "emotions": {
    "fear": 0.0,
    "joy": 0.46990254670771003,
    "sadness": 0.0,
    "anger": 0.0,
    "love": 0.0,
    "loneliness": 0.40006407184971127,
    "anxiety": 0.11396863565432619,
    "peace": 0.3,
    "trust": 0.4812039472499574
  },
  "memory": {
    "long_term": [],
    "others": {
      "ser_89796": {
        "first_met": 0,
        "times_met": 1,
        "trust": 0.8,
        "feelings": "parent",
        "memories": []
      },
      "ser_44829": {
        "first_met": 0,
        "times_met": 1,
        "trust": 0.8,
        "feelings": "parent",
        "memories": []
      }
    },
    "traumas": [],
    "happy_memories": []
  },
  "mind": {
    "thought_stream": [
      "...",
      "\u00bfQu\u00e9 es esto?",
      "Existo."
    ],
    "questions": [
      "\u00bfQu\u00e9 soy?",
      "\u00bfD\u00f3nde estoy?"
    ],
    "desires": [],
    "fears": [],
    "self_concept": [],
    "beliefs": {},
    "likes": {}
  }
}