{
  "id": "ser_68614",
  "alive": true,
  "birth_tick": 0,
  "death_tick": null,
  "cause_of_death": null,
  "dna": {
    "metabolism": 0.9142031917326344,
    "pain_sensitivity": 1.471168265111539,
    "energy_capacity": 0.8810860619610548,
    "warmth_tolerance": 1.0065991043840612,
    "recovery_rate": 0.8890667764122588,
    "baseline_anxiety": 0.34497511528467206,
    "baseline_joy": 0.30981970045036555,
    "emotional_intensity": 1.3809497021443258,
    "emotional_stability": 0.9965206619234978,
    "sociability": 0.7788748048441273,
    "empathy": 0.887097347457031,
    "trust_default": 0.3536689263315305,
    "curiosity": 0.4766321996236868,
    "introspection": 0.5236984103268046,
    "risk_tolerance": 0.66505287088778,
    "resilience": 0.7590735564456172,
    "death_awareness": 0.2845094878771687,
    "pattern_seeking": 0.6575683439065891,
    "sky_gazing": 0.228110786881393,
    "earth_grounding": 0.18405688552904725,
    "mystical_sense": 0.41945179304991265,
    "analytical_mind": 0.4205396159935576,
    "creative_spirit": 0.45494726550361897
  },
  "body": {
    "hunger": 70.0,
    "thirst": 70.0,
    "energy": 100.0,
    "warmth": 50.0,
    "health": 100.0,
    "pain": 0.0,
    "pleasure": 0.0,
    "age": 0.0,
    "x": -41.97273099721036,
    "y": 17.459894135285918
  },
  "emotions": {
    "fear": 0.0,
    "joy": 0.30981970045036555,
    "sadness": 0.0,
    "anger": 0.0,
    "love": 0.0,
    "loneliness": 0.26633755854676183,
    "anxiety": 0.34497511528467206,
    "peace": 0.3,
    "trust": 0.3536689263315305
  },
  "memory": {
    "long_term": [],
    "others": {
      "ser_69588": {
        "first_met": 0,
        "times_met": 1,
        "trust": 0.8,
        "feelings": "parent",
        "memories": []
      },
      "ser_13555": {
        "first_met": 0,
        "times_met": 1,
        "trust": 0.8,
        "feelings": "parent",
        "memories": []
      }
    },
    "traumas": [],
    "happy_memories": []
  },
  "mind": {
    "thought_stream": [
      "...",
      "\u00bfQu\u00e9 es esto?",
      "Existo."
    ],
    "questions": [
      "\u00bfQu\u00e9 soy?",
      "\u00bfD\u00f3nde estoy?"
    ],
    "desires": [],
    "fears": [],
    "self_concept": [],
    "beliefs": {},
    "likes": {}
  }
}