{
  "id": "ser_61917",
  "alive": true,
  "birth_tick": 0,
  "death_tick": null,
  "cause_of_death": null,
  "dna": {
    "metabolism": 1.0773043037548886,
    "pain_sensitivity": 1.5,
    "energy_capacity": 0.8694953770046991,
    "warmth_tolerance": 0.7541773077945982,
    "recovery_rate": 1.0353275361714012,
    "baseline_anxiety": 0.06907871733690137,
    "baseline_joy": 0.42542389726341906,
    "emotional_intensity": 0.9863245143608432,
    "emotional_stability": 0.9965206619234978,
    "sociability": 0.7568894688357908,
    "empathy": 0.887097347457031,
    "trust_default": 0.32445355497935163,
    "curiosity": 0.4766321996236868,
    "introspection": 0.5922161281003534,
    "risk_tolerance": 0.5660186192490952,
    "resilience": 0.7433608173751544,
    "death_awareness": 0.23608712151975902,
    "pattern_seeking": 0.6575683439065891,
    "sky_gazing": 0.17681856752060765,
    "earth_grounding": 0.22951860410898153,
    "mystical_sense": 0.8668568803291965,
    "analytical_mind": 0.4200695855917146,
    "creative_spirit": 0.5971312684573695
  },
  "body": {
    "hunger": 70.0,
    "thirst": 70.0,
    "energy": 100.0,
    "warmth": 50.0,
    "health": 100.0,
    "pain": 0.0,
    "pleasure": 0.0,
    "age": 0.0,
    "x": -40.770877658268944,
    "y": 26.11793563974385
  },
  "emotions": {
    "fear": 0.0,
    "joy": 0.42542389726341906,
    "sadness": 0.0,
    "anger": 0.0,
    "love": 0.0,
    "loneliness": 0.27293315934926277,
    "anxiety": 0.06907871733690137,
    "peace": 0.3,
    "trust": 0.32445355497935163
  },
  "memory": {
    "long_term": [],
    "others": {
      "ser_85524": {
        "first_met": 0,
        "times_met": 1,
        "trust": 0.8,
        "feelings": "parent",
        "memories": []
      },
      "ser_09277": {
        "first_met": 0,
        "times_met": 1,
        "trust": 0.8,
        "feelings": "parent",
        "memories": []
      }
    },
    "traumas": [],
    "happy_memories": []
  },
  "mind": {
    "thought_stream": [
      "...",
      "\u00bfQu\u00e9 es esto?",
      "Existo."
    ],
    "questions": [
      "\u00bfQu\u00e9 soy?",
      "\u00bfD\u00f3nde estoy?"
    ],
    "desires": [],
    "fears": [],
    "self_concept": [],
    "beliefs": {},
    "likes": {}
  }
}