{
  "id": "ser_26175",
  "alive": true,
  "birth_tick": 0,
  "death_tick": null,
  "cause_of_death": null,
  "dna": {
    "metabolism": 1.138545561234714,
    "pain_sensitivity": 1.2030528386129506,
    "energy_capacity": 0.9869706436951294,
    "warmth_tolerance": 0.9613595730801305,
    "recovery_rate": 0.7862718420801811,
    "baseline_anxiety": 0.391488260263762,
    "baseline_joy": 0.2204448700767485,
    "emotional_intensity": 1.3809497021443258,
    "emotional_stability": 0.5274920638403442,
    "sociability": 0.7568894688357908,
    "empathy": 0.35755288556492315,
    "trust_default": 0.3536689263315305,
    "curiosity": 0.4766321996236868,
    "introspection": 0.6650948046924494,
    "risk_tolerance": 0.4947898150224093,
    "resilience": 0.7116765281736255,
    "death_awareness": 0.20457285459759833,
    "pattern_seeking": 0.39762801648561735,
    "sky_gazing": 0.5689073209999731,
    "earth_grounding": 0.43454431810134986,
    "mystical_sense": 0.41945179304991265,
    "analytical_mind": 0.36473460859399665,
    "creative_spirit": 0.45494726550361897
  },
  "body": {
    "hunger": 70.0,
    "thirst": 70.0,
    "energy": 100.0,
    "warmth": 50.0,
    "health": 100.0,
    "pain": 0.0,
    "pleasure": 0.0,
    "age": 0.0,
    "x": -35.4345609094151,
    "y": 26.290741356329352
  },
  "emotions": {
    "fear": 0.0,
    "joy": 0.2204448700767485,
    "sadness": 0.0,
    "anger": 0.0,
    "love": 0.0,
    "loneliness": 0.27293315934926277,
    "anxiety": 0.391488260263762,
    "peace": 0.3,
    "trust": 0.3536689263315305
  },
  "memory": {
    "long_term": [],
    "others": {
      "ser_88281": {
        "first_met": 0,
        "times_met": 1,
        "trust": 0.8,
        "feelings": "parent",
        "memories": []
      },
      "ser_13555": {
        "first_met": 0,
        "times_met": 1,
        "trust": 0.8,
        "feelings": "parent",
        "memories": []
      }
    },
    "traumas": [],
    "happy_memories": []
  },
  "mind": {
    "thought_stream": [
      "...",
      "\u00bfQu\u00e9 es esto?",
      "Existo."
    ],
    "questions": [
      "\u00bfQu\u00e9 soy?",
      "\u00bfD\u00f3nde estoy?"
    ],
    "desires": [],
    "fears": [],
    "self_concept": [],
    "beliefs": {},
    "likes": {}
  }
}