{
  "id": "ser_27586",
  "alive": true,
  "birth_tick": 0,
  "death_tick": null,
  "cause_of_death": null,
  "dna": {
    "metabolism": 1.1153291089619808,
    "pain_sensitivity": 0.5305558395527454,
    "energy_capacity": 0.9482113290036835,
    "warmth_tolerance": 1.2711342385539721,
    "recovery_rate": 1.155558950329039,
    "baseline_anxiety": 0.35998631119451363,
    "baseline_joy": 0.49681702776852577,
    "emotional_intensity": 0.6191909611165745,
    "emotional_stability": 0.959804641770428,
    "sociability": 0.6150108977020415,
    "empathy": 0.39990676804235903,
    "trust_default": 0.6145011519625228,
    "curiosity": 0.7580043238988334,
    "introspection": 0.4728188761435188,
    "risk_tolerance": 0.7449332019091646,
    "resilience": 0.7759526873771959,
    "death_awareness": 0.5547744070402554,
    "pattern_seeking": 0.601454924844704,
    "sky_gazing": 0.38688317523336124,
    "earth_grounding": 0.9994246616251895,
    "mystical_sense": 0.49451535997691276,
    "analytical_mind": 0.5418145289871401,
    "creative_spirit": 0.9640602363725164
  },
  "body": {
    "hunger": 70.0,
    "thirst": 70.0,
    "energy": 100.0,
    "warmth": 50.0,
    "health": 100.0,
    "pain": 0.0,
    "pleasure": 0.0,
    "age": 0.0,
    "x": -167.77057151741312,
    "y": -152.54131274579058
  },
  "emotions": {
    "fear": 0.0,
    "joy": 0.49681702776852577,
    "sadness": 0.0,
    "anger": 0.0,
    "love": 0.0,
    "loneliness": 0.31549673068938755,
    "anxiety": 0.35998631119451363,
    "peace": 0.3,
    "trust": 0.6145011519625228
  },
  "memory": {
    "long_term": [],
    "others": {
      "ser_48530": {
        "first_met": 0,
        "times_met": 1,
        "trust": 0.8,
        "feelings": "parent",
        "memories": []
      },
      "ser_36673": {
        "first_met": 0,
        "times_met": 1,
        "trust": 0.8,
        "feelings": "parent",
        "memories": []
      }
    },
    "traumas": [],
    "happy_memories": []
  },
  "mind": {
    "thought_stream": [
      "...",
      "\u00bfQu\u00e9 es esto?",
      "Existo."
    ],
    "questions": [
      "\u00bfQu\u00e9 soy?",
      "\u00bfD\u00f3nde estoy?"
    ],
    "desires": [],
    "fears": [],
    "self_concept": [],
    "beliefs": {},
    "likes": {}
  }
}