{
  "id": "ser_71137",
  "alive": true,
  "birth_tick": 0,
  "death_tick": null,
  "cause_of_death": null,
  "dna": {
    "metabolism": 0.8411124056727337,
    "pain_sensitivity": 0.6799711135516253,
    "energy_capacity": 0.8594092029075222,
    "warmth_tolerance": 1.0840638684319008,
    "recovery_rate": 1.0267346158506896,
    "baseline_anxiety": 0.10635875444908849,
    "baseline_joy": 0.22848073887872894,
    "emotional_intensity": 1.2508469398353652,
    "emotional_stability": 0.8455976461590793,
    "sociability": 0.7251266843619615,
    "empathy": 0.43499081365929204,
    "trust_default": 0.5095561290675976,
    "curiosity": 0.3698571540960265,
    "introspection": 0.46212364285239793,
    "risk_tolerance": 0.4294562583244501,
    "resilience": 0.6410978994138401,
    "death_awareness": 0.5312900499779405,
    "pattern_seeking": 0.4939066781709975,
    "sky_gazing": 0.6548051735222088,
    "earth_grounding": 0.2642921084248231,
    "mystical_sense": 0.8260703268224804,
    "analytical_mind": 0.6935218010091815,
    "creative_spirit": 0.5674790967009293
  },
  "body": {
    "hunger": 70.0,
    "thirst": 70.0,
    "energy": 100.0,
    "warmth": 50.0,
    "health": 100.0,
    "pain": 0.0,
    "pleasure": 0.0,
    "age": 0.0,
    "x": 10.551503523528861,
    "y": 45.97943553937742
  },
  "emotions": {
    "fear": 0.0,
    "joy": 0.22848073887872894,
    "sadness": 0.0,
    "anger": 0.0,
    "love": 0.0,
    "loneliness": 0.28246199469141153,
    "anxiety": 0.10635875444908849,
    "peace": 0.3,
    "trust": 0.5095561290675976
  },
  "memory": {
    "long_term": [],
    "others": {
      "ser_18489": {
        "first_met": 0,
        "times_met": 1,
        "trust": 0.8,
        "feelings": "parent",
        "memories": []
      },
      "ser_85269": {
        "first_met": 0,
        "times_met": 1,
        "trust": 0.8,
        "feelings": "parent",
        "memories": []
      }
    },
    "traumas": [],
    "happy_memories": []
  },
  "mind": {
    "thought_stream": [
      "...",
      "\u00bfQu\u00e9 es esto?",
      "Existo."
    ],
    "questions": [
      "\u00bfQu\u00e9 soy?",
      "\u00bfD\u00f3nde estoy?"
    ],
    "desires": [],
    "fears": [],
    "self_concept": [],
    "beliefs": {},
    "likes": {}
  }
}