{
  "id": "ser_12295",
  "alive": true,
  "birth_tick": 0,
  "death_tick": null,
  "cause_of_death": null,
  "dna": {
    "metabolism": 1.2194868524597087,
    "pain_sensitivity": 0.7270666619254723,
    "energy_capacity": 1.0163351312469067,
    "warmth_tolerance": 0.7391752281843812,
    "recovery_rate": 1.0190352927553672,
    "baseline_anxiety": 0.028501196738311085,
    "baseline_joy": 0.3223612828421957,
    "emotional_intensity": 0.8660678334358383,
    "emotional_stability": 0.5490516235780605,
    "sociability": 0.5446988371843478,
    "empathy": 0.66832268615325,
    "trust_default": 0.44603615401706864,
    "curiosity": 0.35520030050689,
    "introspection": 0.7123244293981739,
    "risk_tolerance": 0.6217049450455896,
    "resilience": 0.4467654005662609,
    "death_awareness": 0.5950410433463799,
    "pattern_seeking": 0.41812919642329605,
    "sky_gazing": 0.13625036360681575,
    "earth_grounding": 0.42371144794690796,
    "mystical_sense": 0.20445589909011772,
    "analytical_mind": 0.6845503034337168,
    "creative_spirit": 0.8215123516594562
  },
  "body": {
    "hunger": 70.0,
    "thirst": 70.0,
    "energy": 100.0,
    "warmth": 50.0,
    "health": 100.0,
    "pain": 0.0,
    "pleasure": 0.0,
    "age": 0.0,
    "x": 18.31681395609913,
    "y": -16.293089625251657
  },
  "emotions": {
    "fear": 0.0,
    "joy": 0.3223612828421957,
    "sadness": 0.0,
    "anger": 0.0,
    "love": 0.0,
    "loneliness": 0.3365903488446957,
    "anxiety": 0.028501196738311085,
    "peace": 0.3,
    "trust": 0.44603615401706864
  },
  "memory": {
    "long_term": [],
    "others": {
      "ser_05737": {
        "first_met": 0,
        "times_met": 1,
        "trust": 0.8,
        "feelings": "parent",
        "memories": []
      },
      "ser_30674": {
        "first_met": 0,
        "times_met": 1,
        "trust": 0.8,
        "feelings": "parent",
        "memories": []
      }
    },
    "traumas": [],
    "happy_memories": []
  },
  "mind": {
    "thought_stream": [
      "...",
      "\u00bfQu\u00e9 es esto?",
      "Existo."
    ],
    "questions": [
      "\u00bfQu\u00e9 soy?",
      "\u00bfD\u00f3nde estoy?"
    ],
    "desires": [],
    "fears": [],
    "self_concept": [],
    "beliefs": {},
    "likes": {}
  }
}