{
  "id": "ser_47661",
  "alive": true,
  "birth_tick": 0,
  "death_tick": null,
  "cause_of_death": null,
  "dna": {
    "metabolism": 1.2181139216454255,
    "pain_sensitivity": 1.471168265111539,
    "energy_capacity": 0.8694953770046991,
    "warmth_tolerance": 1.186254382335203,
    "recovery_rate": 0.9930207316765817,
    "baseline_anxiety": 0.18415951162136052,
    "baseline_joy": 0.41360538370365285,
    "emotional_intensity": 1.3809497021443258,
    "emotional_stability": 1.0,
    "sociability": 0.727989271036328,
    "empathy": 0.35755288556492315,
    "trust_default": 0.3536689263315305,
    "curiosity": 0.3668338956685652,
    "introspection": 0.5236984103268046,
    "risk_tolerance": 0.66505287088778,
    "resilience": 0.7116765281736255,
    "death_awareness": 0.23608712151975902,
    "pattern_seeking": 0.5643356754580604,
    "sky_gazing": 0.29838848846278565,
    "earth_grounding": 0.15873232671526538,
    "mystical_sense": 0.41945179304991265,
    "analytical_mind": 0.3222361997647329,
    "creative_spirit": 0.45494726550361897
  },
  "body": {
    "hunger": 70.0,
    "thirst": 70.0,
    "energy": 100.0,
    "warmth": 50.0,
    "health": 100.0,
    "pain": 0.0,
    "pleasure": 0.0,
    "age": 0.0,
    "x": -41.2955433081785,
    "y": 24.549894322334946
  },
  "emotions": {
    "fear": 0.0,
    "joy": 0.41360538370365285,
    "sadness": 0.0,
    "anger": 0.0,
    "love": 0.0,
    "loneliness": 0.2816032186891016,
    "anxiety": 0.18415951162136052,
    "peace": 0.3,
    "trust": 0.3536689263315305
  },
  "memory": {
    "long_term": [],
    "others": {
      "ser_12773": {
        "first_met": 0,
        "times_met": 1,
        "trust": 0.8,
        "feelings": "parent",
        "memories": []
      },
      "ser_13555": {
        "first_met": 0,
        "times_met": 1,
        "trust": 0.8,
        "feelings": "parent",
        "memories": []
      }
    },
    "traumas": [],
    "happy_memories": []
  },
  "mind": {
    "thought_stream": [
      "...",
      "\u00bfQu\u00e9 es esto?",
      "Existo."
    ],
    "questions": [
      "\u00bfQu\u00e9 soy?",
      "\u00bfD\u00f3nde estoy?"
    ],
    "desires": [],
    "fears": [],
    "self_concept": [],
    "beliefs": {},
    "likes": {}
  }
}