{
  "id": "ser_73758",
  "alive": true,
  "birth_tick": 0,
  "death_tick": null,
  "cause_of_death": null,
  "dna": {
    "metabolism": 1.010788157250216,
    "pain_sensitivity": 0.9092081696714935,
    "energy_capacity": 0.9675498866279235,
    "warmth_tolerance": 1.186254382335203,
    "recovery_rate": 0.8206382599927856,
    "baseline_anxiety": 0.34497511528467206,
    "baseline_joy": 0.24427448139865565,
    "emotional_intensity": 1.0924084622033543,
    "emotional_stability": 0.5274920638403442,
    "sociability": 0.325397576337597,
    "empathy": 0.35755288556492315,
    "trust_default": 0.5894022366489112,
    "curiosity": 0.9615547938599505,
    "introspection": 0.5236984103268046,
    "risk_tolerance": 0.4830298935780074,
    "resilience": 0.7116765281736255,
    "death_awareness": 0.3422526871497126,
    "pattern_seeking": 0.39762801648561735,
    "sky_gazing": 0.26238956183718787,
    "earth_grounding": 0.22951860410898153,
    "mystical_sense": 0.41945179304991265,
    "analytical_mind": 0.3222361997647329,
    "creative_spirit": 0.4768034654917165
  },
  "body": {
    "hunger": 70.0,
    "thirst": 70.0,
    "energy": 100.0,
    "warmth": 50.0,
    "health": 100.0,
    "pain": 0.0,
    "pleasure": 0.0,
    "age": 0.0,
    "x": -38.578319440915735,
    "y": 19.5265465604308
  },
  "emotions": {
    "fear": 0.0,
    "joy": 0.24427448139865565,
    "sadness": 0.0,
    "anger": 0.0,
    "love": 0.0,
    "loneliness": 0.4023807270987209,
    "anxiety": 0.34497511528467206,
    "peace": 0.3,
    "trust": 0.5894022366489112
  },
  "memory": {
    "long_term": [],
    "others": {
      "ser_88281": {
        "first_met": 0,
        "times_met": 1,
        "trust": 0.8,
        "feelings": "parent",
        "memories": []
      },
      "ser_13555": {
        "first_met": 0,
        "times_met": 1,
        "trust": 0.8,
        "feelings": "parent",
        "memories": []
      }
    },
    "traumas": [],
    "happy_memories": []
  },
  "mind": {
    "thought_stream": [
      "...",
      "\u00bfQu\u00e9 es esto?",
      "Existo."
    ],
    "questions": [
      "\u00bfQu\u00e9 soy?",
      "\u00bfD\u00f3nde estoy?"
    ],
    "desires": [],
    "fears": [],
    "self_concept": [],
    "beliefs": {},
    "likes": {}
  }
}