{
  "id": "ser_10130",
  "alive": true,
  "birth_tick": 0,
  "death_tick": null,
  "cause_of_death": null,
  "dna": {
    "metabolism": 0.7667930043809921,
    "pain_sensitivity": 0.7096409056231905,
    "energy_capacity": 1.0980551786306054,
    "warmth_tolerance": 1.2065313154151032,
    "recovery_rate": 0.8327591161014756,
    "baseline_anxiety": 0.10635875444908849,
    "baseline_joy": 0.17261582291447622,
    "emotional_intensity": 0.6666773693148338,
    "emotional_stability": 0.8053212695832112,
    "sociability": 0.7064842912415856,
    "empathy": 0.4452573067039174,
    "trust_default": 0.5228643101157939,
    "curiosity": 0.3698571540960265,
    "introspection": 0.7519296181217114,
    "risk_tolerance": 0.4579477723098483,
    "resilience": 0.8158116751326767,
    "death_awareness": 0.6926220688344209,
    "pattern_seeking": 0.6324710710762476,
    "sky_gazing": 0.8256287835127241,
    "earth_grounding": 0.6743428485002417,
    "mystical_sense": 0.8260703268224804,
    "analytical_mind": 0.6935218010091815,
    "creative_spirit": 0.40635100898343535
  },
  "body": {
    "hunger": 70.0,
    "thirst": 70.0,
    "energy": 100.0,
    "warmth": 50.0,
    "health": 100.0,
    "pain": 0.0,
    "pleasure": 0.0,
    "age": 0.0,
    "x": 9.12056109359174,
    "y": 50.40294403084279
  },
  "emotions": {
    "fear": 0.0,
    "joy": 0.17261582291447622,
    "sadness": 0.0,
    "anger": 0.0,
    "love": 0.0,
    "loneliness": 0.28805471262752436,
    "anxiety": 0.10635875444908849,
    "peace": 0.3,
    "trust": 0.5228643101157939
  },
  "memory": {
    "long_term": [],
    "others": {
      "ser_71722": {
        "first_met": 0,
        "times_met": 1,
        "trust": 0.8,
        "feelings": "parent",
        "memories": []
      },
      "ser_85269": {
        "first_met": 0,
        "times_met": 1,
        "trust": 0.8,
        "feelings": "parent",
        "memories": []
      }
    },
    "traumas": [],
    "happy_memories": []
  },
  "mind": {
    "thought_stream": [
      "...",
      "\u00bfQu\u00e9 es esto?",
      "Existo."
    ],
    "questions": [
      "\u00bfQu\u00e9 soy?",
      "\u00bfD\u00f3nde estoy?"
    ],
    "desires": [],
    "fears": [],
    "self_concept": [],
    "beliefs": {},
    "likes": {}
  }
}