{
  "id": "ser_62830",
  "alive": true,
  "birth_tick": 0,
  "death_tick": null,
  "cause_of_death": null,
  "dna": {
    "metabolism": 0.7281241317781351,
    "pain_sensitivity": 0.6495487903564433,
    "energy_capacity": 1.0980551786306054,
    "warmth_tolerance": 1.2065313154151032,
    "recovery_rate": 0.8366496754974969,
    "baseline_anxiety": 0.24691276685532448,
    "baseline_joy": 0.22848073887872894,
    "emotional_intensity": 0.9190077311033554,
    "emotional_stability": 0.8455976461590793,
    "sociability": 0.7251266843619615,
    "empathy": 0.33509220404459794,
    "trust_default": 0.49689059761676685,
    "curiosity": 0.7208467120838095,
    "introspection": 0.46212364285239793,
    "risk_tolerance": 0.3705766833118135,
    "resilience": 0.7973907099803977,
    "death_awareness": 0.6926220688344209,
    "pattern_seeking": 0.3659456952538084,
    "sky_gazing": 0.6548051735222088,
    "earth_grounding": 0.2642921084248231,
    "mystical_sense": 0.8260703268224804,
    "analytical_mind": 0.8598509444391425,
    "creative_spirit": 0.5674790967009293
  },
  "body": {
    "hunger": 70.0,
    "thirst": 70.0,
    "energy": 100.0,
    "warmth": 50.0,
    "health": 100.0,
    "pain": 0.0,
    "pleasure": 0.0,
    "age": 0.0,
    "x": 8.28222954014034,
    "y": 43.77399423753963
  },
  "emotions": {
    "fear": 0.0,
    "joy": 0.22848073887872894,
    "sadness": 0.0,
    "anger": 0.0,
    "love": 0.0,
    "loneliness": 0.28246199469141153,
    "anxiety": 0.24691276685532448,
    "peace": 0.3,
    "trust": 0.49689059761676685
  },
  "memory": {
    "long_term": [],
    "others": {
      "ser_22599": {
        "first_met": 0,
        "times_met": 1,
        "trust": 0.8,
        "feelings": "parent",
        "memories": []
      },
      "ser_85269": {
        "first_met": 0,
        "times_met": 1,
        "trust": 0.8,
        "feelings": "parent",
        "memories": []
      }
    },
    "traumas": [],
    "happy_memories": []
  },
  "mind": {
    "thought_stream": [
      "...",
      "\u00bfQu\u00e9 es esto?",
      "Existo."
    ],
    "questions": [
      "\u00bfQu\u00e9 soy?",
      "\u00bfD\u00f3nde estoy?"
    ],
    "desires": [],
    "fears": [],
    "self_concept": [],
    "beliefs": {},
    "likes": {}
  }
}