{
  "id": "ser_64901",
  "alive": true,
  "birth_tick": 0,
  "death_tick": null,
  "cause_of_death": null,
  "dna": {
    "metabolism": 1.0776816202236976,
    "pain_sensitivity": 1.4334111266185696,
    "energy_capacity": 1.0352881847811817,
    "warmth_tolerance": 0.7541773077945982,
    "recovery_rate": 0.8206382599927856,
    "baseline_anxiety": 0.06907871733690137,
    "baseline_joy": 0.41360538370365285,
    "emotional_intensity": 1.3809497021443258,
    "emotional_stability": 0.9965206619234978,
    "sociability": 0.7568894688357908,
    "empathy": 0.887097347457031,
    "trust_default": 0.4812039472499574,
    "curiosity": 0.40586726546956964,
    "introspection": 0.623086344581515,
    "risk_tolerance": 0.66505287088778,
    "resilience": 0.8149472580212483,
    "death_awareness": 0.23608712151975902,
    "pattern_seeking": 0.5810825672621536,
    "sky_gazing": 0.26238956183718787,
    "earth_grounding": 0.22951860410898153,
    "mystical_sense": 0.7712837322556029,
    "analytical_mind": 0.41347079852202023,
    "creative_spirit": 0.5971312684573695
  },
  "body": {
    "hunger": 70.0,
    "thirst": 70.0,
    "energy": 100.0,
    "warmth": 50.0,
    "health": 100.0,
    "pain": 0.0,
    "pleasure": 0.0,
    "age": 0.0,
    "x": -36.24277684092514,
    "y": 24.007449336664273
  },
  "emotions": {
    "fear": 0.0,
    "joy": 0.41360538370365285,
    "sadness": 0.0,
    "anger": 0.0,
    "love": 0.0,
    "loneliness": 0.27293315934926277,
    "anxiety": 0.06907871733690137,
    "peace": 0.3,
    "trust": 0.4812039472499574
  },
  "memory": {
    "long_term": [],
    "others": {
      "ser_23162": {
        "first_met": 0,
        "times_met": 1,
        "trust": 0.8,
        "feelings": "parent",
        "memories": []
      },
      "ser_99361": {
        "first_met": 0,
        "times_met": 1,
        "trust": 0.8,
        "feelings": "parent",
        "memories": []
      }
    },
    "traumas": [],
    "happy_memories": []
  },
  "mind": {
    "thought_stream": [
      "...",
      "\u00bfQu\u00e9 es esto?",
      "Existo."
    ],
    "questions": [
      "\u00bfQu\u00e9 soy?",
      "\u00bfD\u00f3nde estoy?"
    ],
    "desires": [],
    "fears": [],
    "self_concept": [],
    "beliefs": {},
    "likes": {}
  }
}