{
  "id": "ser_98341",
  "alive": true,
  "birth_tick": 0,
  "death_tick": null,
  "cause_of_death": null,
  "dna": {
    "metabolism": 1.077792948482871,
    "pain_sensitivity": 0.7270666619254723,
    "energy_capacity": 1.0163351312469067,
    "warmth_tolerance": 0.7391752281843812,
    "recovery_rate": 1.0875467983658733,
    "baseline_anxiety": 0.028501196738311085,
    "baseline_joy": 0.3223612828421957,
    "emotional_intensity": 1.0387703812470352,
    "emotional_stability": 0.5490516235780605,
    "sociability": 0.7773876003497903,
    "empathy": 0.6548209282232234,
    "trust_default": 0.5952283268506211,
    "curiosity": 0.8567550266697177,
    "introspection": 0.7123244293981739,
    "risk_tolerance": 0.21280938826420764,
    "resilience": 0.6491313562791106,
    "death_awareness": 0.5284584931808949,
    "pattern_seeking": 0.5828145355351227,
    "sky_gazing": 0.13625036360681575,
    "earth_grounding": 0.5812347161604462,
    "mystical_sense": 0.7086484772645023,
    "analytical_mind": 0.6102141786543924,
    "creative_spirit": 0.9936642374601772
  },
  "body": {
    "hunger": 70.0,
    "thirst": 70.0,
    "energy": 100.0,
    "warmth": 50.0,
    "health": 100.0,
    "pain": 0.0,
    "pleasure": 0.0,
    "age": 0.0,
    "x": 19.786377340654564,
    "y": -12.736296306692195
  },
  "emotions": {
    "fear": 0.0,
    "joy": 0.3223612828421957,
    "sadness": 0.0,
    "anger": 0.0,
    "love": 0.0,
    "loneliness": 0.26678371989506294,
    "anxiety": 0.028501196738311085,
    "peace": 0.3,
    "trust": 0.5952283268506211
  },
  "memory": {
    "long_term": [],
    "others": {
      "ser_30674": {
        "first_met": 0,
        "times_met": 1,
        "trust": 0.8,
        "feelings": "parent",
        "memories": []
      },
      "ser_05737": {
        "first_met": 0,
        "times_met": 1,
        "trust": 0.8,
        "feelings": "parent",
        "memories": []
      }
    },
    "traumas": [],
    "happy_memories": []
  },
  "mind": {
    "thought_stream": [
      "...",
      "\u00bfQu\u00e9 es esto?",
      "Existo."
    ],
    "questions": [
      "\u00bfQu\u00e9 soy?",
      "\u00bfD\u00f3nde estoy?"
    ],
    "desires": [],
    "fears": [],
    "self_concept": [],
    "beliefs": {},
    "likes": {}
  }
}