{
  "id": "ser_69316",
  "alive": true,
  "birth_tick": 0,
  "death_tick": null,
  "cause_of_death": null,
  "dna": {
    "metabolism": 0.9142031917326344,
    "pain_sensitivity": 1.4695641536154533,
    "energy_capacity": 0.8094359254034496,
    "warmth_tolerance": 0.7541773077945982,
    "recovery_rate": 1.0353275361714012,
    "baseline_anxiety": 0.06907871733690137,
    "baseline_joy": 0.30981970045036555,
    "emotional_intensity": 1.0685035829703373,
    "emotional_stability": 0.9965206619234978,
    "sociability": 0.532867308254774,
    "empathy": 0.5795087214498377,
    "trust_default": 0.32445355497935163,
    "curiosity": 0.3668338956685652,
    "introspection": 0.5922161281003534,
    "risk_tolerance": 0.5920209396322702,
    "resilience": 0.8160722361896998,
    "death_awareness": 0.23608712151975902,
    "pattern_seeking": 0.635162749473986,
    "sky_gazing": 0.19227525226544878,
    "earth_grounding": 0.22568632369379343,
    "mystical_sense": 0.7712837322556029,
    "analytical_mind": 0.4826385180452789,
    "creative_spirit": 0.5971312684573695
  },
  "body": {
    "hunger": 70.0,
    "thirst": 70.0,
    "energy": 100.0,
    "warmth": 50.0,
    "health": 100.0,
    "pain": 0.0,
    "pleasure": 0.0,
    "age": 0.0,
    "x": -43.30916263750243,
    "y": 24.81633031448741
  },
  "emotions": {
    "fear": 0.0,
    "joy": 0.30981970045036555,
    "sadness": 0.0,
    "anger": 0.0,
    "love": 0.0,
    "loneliness": 0.34013980752356776,
    "anxiety": 0.06907871733690137,
    "peace": 0.3,
    "trust": 0.32445355497935163
  },
  "memory": {
    "long_term": [],
    "others": {
      "ser_85524": {
        "first_met": 0,
        "times_met": 1,
        "trust": 0.8,
        "feelings": "parent",
        "memories": []
      },
      "ser_09277": {
        "first_met": 0,
        "times_met": 1,
        "trust": 0.8,
        "feelings": "parent",
        "memories": []
      }
    },
    "traumas": [],
    "happy_memories": []
  },
  "mind": {
    "thought_stream": [
      "...",
      "\u00bfQu\u00e9 es esto?",
      "Existo."
    ],
    "questions": [
      "\u00bfQu\u00e9 soy?",
      "\u00bfD\u00f3nde estoy?"
    ],
    "desires": [],
    "fears": [],
    "self_concept": [],
    "beliefs": {},
    "likes": {}
  }
}