{
  "id": "ser_12294",
  "alive": true,
  "birth_tick": 0,
  "death_tick": null,
  "cause_of_death": null,
  "dna": {
    "metabolism": 0.9142031917326344,
    "pain_sensitivity": 1.4695641536154533,
    "energy_capacity": 0.877548556414038,
    "warmth_tolerance": 0.8125814126188338,
    "recovery_rate": 1.0353275361714012,
    "baseline_anxiety": 0.12406740519965954,
    "baseline_joy": 0.41360538370365285,
    "emotional_intensity": 1.3809497021443258,
    "emotional_stability": 0.9965206619234978,
    "sociability": 0.3331197605009624,
    "empathy": 0.887097347457031,
    "trust_default": 0.5120461371187863,
    "curiosity": 0.4275133214338339,
    "introspection": 0.623086344581515,
    "risk_tolerance": 0.4947898150224093,
    "resilience": 0.8149472580212483,
    "death_awareness": 0.23608712151975902,
    "pattern_seeking": 0.635162749473986,
    "sky_gazing": 0.22418363617928408,
    "earth_grounding": 0.22951860410898153,
    "mystical_sense": 0.786219616728287,
    "analytical_mind": 0.41347079852202023,
    "creative_spirit": 0.5971312684573695
  },
  "body": {
    "hunger": 70.0,
    "thirst": 70.0,
    "energy": 100.0,
    "warmth": 50.0,
    "health": 100.0,
    "pain": 0.0,
    "pleasure": 0.0,
    "age": 0.0,
    "x": -40.95373810130705,
    "y": 21.267821075543097
  },
  "emotions": {
    "fear": 0.0,
    "joy": 0.41360538370365285,
    "sadness": 0.0,
    "anger": 0.0,
    "love": 0.0,
    "loneliness": 0.40006407184971127,
    "anxiety": 0.12406740519965954,
    "peace": 0.3,
    "trust": 0.5120461371187863
  },
  "memory": {
    "long_term": [],
    "others": {
      "ser_23180": {
        "first_met": 0,
        "times_met": 1,
        "trust": 0.8,
        "feelings": "parent",
        "memories": []
      },
      "ser_99361": {
        "first_met": 0,
        "times_met": 1,
        "trust": 0.8,
        "feelings": "parent",
        "memories": []
      }
    },
    "traumas": [],
    "happy_memories": []
  },
  "mind": {
    "thought_stream": [
      "...",
      "\u00bfQu\u00e9 es esto?",
      "Existo."
    ],
    "questions": [
      "\u00bfQu\u00e9 soy?",
      "\u00bfD\u00f3nde estoy?"
    ],
    "desires": [],
    "fears": [],
    "self_concept": [],
    "beliefs": {},
    "likes": {}
  }
}