{
  "id": "ser_36139",
  "alive": true,
  "birth_tick": 0,
  "death_tick": null,
  "cause_of_death": null,
  "dna": {
    "metabolism": 0.7667930043809921,
    "pain_sensitivity": 0.6427762952227393,
    "energy_capacity": 1.0980551786306054,
    "warmth_tolerance": 1.2065313154151032,
    "recovery_rate": 0.8366496754974969,
    "baseline_anxiety": 0.24691276685532448,
    "baseline_joy": 0.3551855747995679,
    "emotional_intensity": 1.2508469398353652,
    "emotional_stability": 0.7607817554529523,
    "sociability": 0.7251266843619615,
    "empathy": 0.4797681076553112,
    "trust_default": 0.49689059761676685,
    "curiosity": 0.7208467120838095,
    "introspection": 0.7519296181217114,
    "risk_tolerance": 0.3705766833118135,
    "resilience": 0.7973907099803977,
    "death_awareness": 0.6926220688344209,
    "pattern_seeking": 0.3659456952538084,
    "sky_gazing": 0.6548051735222088,
    "earth_grounding": 0.6743428485002417,
    "mystical_sense": 0.8260703268224804,
    "analytical_mind": 0.6935218010091815,
    "creative_spirit": 0.40635100898343535
  },
  "body": {
    "hunger": 70.0,
    "thirst": 70.0,
    "energy": 100.0,
    "warmth": 50.0,
    "health": 100.0,
    "pain": 0.0,
    "pleasure": 0.0,
    "age": 0.0,
    "x": 9.796610229368724,
    "y": 44.814109845437194
  },
  "emotions": {
    "fear": 0.0,
    "joy": 0.3551855747995679,
    "sadness": 0.0,
    "anger": 0.0,
    "love": 0.0,
    "loneliness": 0.28246199469141153,
    "anxiety": 0.24691276685532448,
    "peace": 0.3,
    "trust": 0.49689059761676685
  },
  "memory": {
    "long_term": [],
    "others": {
      "ser_22599": {
        "first_met": 0,
        "times_met": 1,
        "trust": 0.8,
        "feelings": "parent",
        "memories": []
      },
      "ser_85269": {
        "first_met": 0,
        "times_met": 1,
        "trust": 0.8,
        "feelings": "parent",
        "memories": []
      }
    },
    "traumas": [],
    "happy_memories": []
  },
  "mind": {
    "thought_stream": [
      "...",
      "\u00bfQu\u00e9 es esto?",
      "Existo."
    ],
    "questions": [
      "\u00bfQu\u00e9 soy?",
      "\u00bfD\u00f3nde estoy?"
    ],
    "desires": [],
    "fears": [],
    "self_concept": [],
    "beliefs": {},
    "likes": {}
  }
}