{
  "id": "ser_93415",
  "alive": true,
  "birth_tick": 0,
  "death_tick": null,
  "cause_of_death": null,
  "dna": {
    "metabolism": 0.6935901213138892,
    "pain_sensitivity": 0.6662672246219349,
    "energy_capacity": 1.0980551786306054,
    "warmth_tolerance": 1.2065313154151032,
    "recovery_rate": 0.8366496754974969,
    "baseline_anxiety": 0.10635875444908849,
    "baseline_joy": 0.22848073887872894,
    "emotional_intensity": 0.6666773693148338,
    "emotional_stability": 0.8455976461590793,
    "sociability": 0.7698957862018184,
    "empathy": 0.41376078719781817,
    "trust_default": 0.49689059761676685,
    "curiosity": 0.3698571540960265,
    "introspection": 0.46212364285239793,
    "risk_tolerance": 0.3705766833118135,
    "resilience": 0.7973907099803977,
    "death_awareness": 0.6926220688344209,
    "pattern_seeking": 0.3659456952538084,
    "sky_gazing": 0.8256287835127241,
    "earth_grounding": 0.2642921084248231,
    "mystical_sense": 0.2567375407432632,
    "analytical_mind": 0.776962630754737,
    "creative_spirit": 0.43698479833845966
  },
  "body": {
    "hunger": 70.0,
    "thirst": 70.0,
    "energy": 100.0,
    "warmth": 50.0,
    "health": 100.0,
    "pain": 0.0,
    "pleasure": 0.0,
    "age": 0.0,
    "x": 14.336598378129075,
    "y": 44.659547377103024
  },
  "emotions": {
    "fear": 0.0,
    "joy": 0.22848073887872894,
    "sadness": 0.0,
    "anger": 0.0,
    "love": 0.0,
    "loneliness": 0.2690312641394545,
    "anxiety": 0.10635875444908849,
    "peace": 0.3,
    "trust": 0.49689059761676685
  },
  "memory": {
    "long_term": [],
    "others": {
      "ser_22599": {
        "first_met": 0,
        "times_met": 1,
        "trust": 0.8,
        "feelings": "parent",
        "memories": []
      },
      "ser_85269": {
        "first_met": 0,
        "times_met": 1,
        "trust": 0.8,
        "feelings": "parent",
        "memories": []
      }
    },
    "traumas": [],
    "happy_memories": []
  },
  "mind": {
    "thought_stream": [
      "...",
      "\u00bfQu\u00e9 es esto?",
      "Existo."
    ],
    "questions": [
      "\u00bfQu\u00e9 soy?",
      "\u00bfD\u00f3nde estoy?"
    ],
    "desires": [],
    "fears": [],
    "self_concept": [],
    "beliefs": {},
    "likes": {}
  }
}