{
  "id": "ser_89342",
  "alive": true,
  "birth_tick": 0,
  "death_tick": null,
  "cause_of_death": null,
  "dna": {
    "metabolism": 1.077792948482871,
    "pain_sensitivity": 0.9320998038951785,
    "energy_capacity": 1.0163351312469067,
    "warmth_tolerance": 0.9800222951359592,
    "recovery_rate": 1.0190352927553672,
    "baseline_anxiety": 0.028501196738311085,
    "baseline_joy": 0.3223612828421957,
    "emotional_intensity": 0.9803981622676107,
    "emotional_stability": 0.5490516235780605,
    "sociability": 0.9670838410463294,
    "empathy": 0.7028193109544426,
    "trust_default": 0.44603615401706864,
    "curiosity": 0.35520030050689,
    "introspection": 0.5752355441437701,
    "risk_tolerance": 0.6217049450455896,
    "resilience": 0.90260249636876,
    "death_awareness": 0.6346872584186503,
    "pattern_seeking": 0.41812919642329605,
    "sky_gazing": 0.13625036360681575,
    "earth_grounding": 0.42371144794690796,
    "mystical_sense": 0.20445589909011772,
    "analytical_mind": 0.6102141786543924,
    "creative_spirit": 0.9936642374601772
  },
  "body": {
    "hunger": 70.0,
    "thirst": 70.0,
    "energy": 100.0,
    "warmth": 50.0,
    "health": 100.0,
    "pain": 0.0,
    "pleasure": 0.0,
    "age": 0.0,
    "x": 21.73157492605793,
    "y": -9.886458423241443
  },
  "emotions": {
    "fear": 0.0,
    "joy": 0.3223612828421957,
    "sadness": 0.0,
    "anger": 0.0,
    "love": 0.0,
    "loneliness": 0.2098748476861012,
    "anxiety": 0.028501196738311085,
    "peace": 0.3,
    "trust": 0.44603615401706864
  },
  "memory": {
    "long_term": [],
    "others": {
      "ser_03023": {
        "first_met": 0,
        "times_met": 1,
        "trust": 0.8,
        "feelings": "parent",
        "memories": []
      },
      "ser_30674": {
        "first_met": 0,
        "times_met": 1,
        "trust": 0.8,
        "feelings": "parent",
        "memories": []
      }
    },
    "traumas": [],
    "happy_memories": []
  },
  "mind": {
    "thought_stream": [
      "...",
      "\u00bfQu\u00e9 es esto?",
      "Existo."
    ],
    "questions": [
      "\u00bfQu\u00e9 soy?",
      "\u00bfD\u00f3nde estoy?"
    ],
    "desires": [],
    "fears": [],
    "self_concept": [],
    "beliefs": {},
    "likes": {}
  }
}