{
  "id": "ser_32150",
  "alive": true,
  "birth_tick": 0,
  "death_tick": null,
  "cause_of_death": null,
  "dna": {
    "metabolism": 0.9142031917326344,
    "pain_sensitivity": 1.471168265111539,
    "energy_capacity": 0.8694953770046991,
    "warmth_tolerance": 1.186254382335203,
    "recovery_rate": 1.0353275361714012,
    "baseline_anxiety": 0.2813986224735262,
    "baseline_joy": 0.42760299364367044,
    "emotional_intensity": 1.3288923135140436,
    "emotional_stability": 0.9419465860312248,
    "sociability": 0.7568894688357908,
    "empathy": 0.887097347457031,
    "trust_default": 0.3536689263315305,
    "curiosity": 0.3668338956685652,
    "introspection": 0.5236984103268046,
    "risk_tolerance": 0.6518747835071204,
    "resilience": 0.7116765281736255,
    "death_awareness": 0.391769488412106,
    "pattern_seeking": 0.6980766504103667,
    "sky_gazing": 0.2827463549999975,
    "earth_grounding": 0.22568632369379343,
    "mystical_sense": 0.4035452965214556,
    "analytical_mind": 0.4113467204341717,
    "creative_spirit": 0.45494726550361897
  },
  "body": {
    "hunger": 70.0,
    "thirst": 70.0,
    "energy": 100.0,
    "warmth": 50.0,
    "health": 100.0,
    "pain": 0.0,
    "pleasure": 0.0,
    "age": 0.0,
    "x": -29.78143408508087,
    "y": 22.788988162507188
  },
  "emotions": {
    "fear": 0.0,
    "joy": 0.42760299364367044,
    "sadness": 0.0,
    "anger": 0.0,
    "love": 0.0,
    "loneliness": 0.27293315934926277,
    "anxiety": 0.2813986224735262,
    "peace": 0.3,
    "trust": 0.3536689263315305
  },
  "memory": {
    "long_term": [],
    "others": {
      "ser_00883": {
        "first_met": 0,
        "times_met": 1,
        "trust": 0.8,
        "feelings": "parent",
        "memories": []
      },
      "ser_13555": {
        "first_met": 0,
        "times_met": 1,
        "trust": 0.8,
        "feelings": "parent",
        "memories": []
      }
    },
    "traumas": [],
    "happy_memories": []
  },
  "mind": {
    "thought_stream": [
      "...",
      "\u00bfQu\u00e9 es esto?",
      "Existo."
    ],
    "questions": [
      "\u00bfQu\u00e9 soy?",
      "\u00bfD\u00f3nde estoy?"
    ],
    "desires": [],
    "fears": [],
    "self_concept": [],
    "beliefs": {},
    "likes": {}
  }
}