{
  "id": "ser_31088",
  "alive": true,
  "birth_tick": 0,
  "death_tick": null,
  "cause_of_death": null,
  "dna": {
    "metabolism": 0.7735834764781174,
    "pain_sensitivity": 1.052443511498072,
    "energy_capacity": 0.8694953770046991,
    "warmth_tolerance": 1.186254382335203,
    "recovery_rate": 1.1303417089532575,
    "baseline_anxiety": 0.21881504157348997,
    "baseline_joy": 0.41360538370365285,
    "emotional_intensity": 1.18374349501306,
    "emotional_stability": 0.9831835947787824,
    "sociability": 0.40367093969387724,
    "empathy": 0.4896251755343851,
    "trust_default": 0.4812039472499574,
    "curiosity": 0.4766321996236868,
    "introspection": 0.5037188384799104,
    "risk_tolerance": 0.66505287088778,
    "resilience": 0.8149472580212483,
    "death_awareness": 0.23608712151975902,
    "pattern_seeking": 0.6575683439065891,
    "sky_gazing": 0.26238956183718787,
    "earth_grounding": 0.3001286789753045,
    "mystical_sense": 0.9117436832876736,
    "analytical_mind": 0.4200695855917146,
    "creative_spirit": 0.3546400563219302
  },
  "body": {
    "hunger": 70.0,
    "thirst": 70.0,
    "energy": 100.0,
    "warmth": 50.0,
    "health": 100.0,
    "pain": 0.0,
    "pleasure": 0.0,
    "age": 0.0,
    "x": -36.49865441464743,
    "y": 25.933195477632147
  },
  "emotions": {
    "fear": 0.0,
    "joy": 0.41360538370365285,
    "sadness": 0.0,
    "anger": 0.0,
    "love": 0.0,
    "loneliness": 0.37889871809183684,
    "anxiety": 0.21881504157348997,
    "peace": 0.3,
    "trust": 0.4812039472499574
  },
  "memory": {
    "long_term": [],
    "others": {
      "ser_89796": {
        "first_met": 0,
        "times_met": 1,
        "trust": 0.8,
        "feelings": "parent",
        "memories": []
      },
      "ser_44829": {
        "first_met": 0,
        "times_met": 1,
        "trust": 0.8,
        "feelings": "parent",
        "memories": []
      }
    },
    "traumas": [],
    "happy_memories": []
  },
  "mind": {
    "thought_stream": [
      "...",
      "\u00bfQu\u00e9 es esto?",
      "Existo."
    ],
    "questions": [
      "\u00bfQu\u00e9 soy?",
      "\u00bfD\u00f3nde estoy?"
    ],
    "desires": [],
    "fears": [],
    "self_concept": [],
    "beliefs": {},
    "likes": {}
  }
}