{
  "id": "ser_93734",
  "alive": true,
  "birth_tick": 0,
  "death_tick": null,
  "cause_of_death": null,
  "dna": {
    "metabolism": 1.2181139216454255,
    "pain_sensitivity": 1.471168265111539,
    "energy_capacity": 0.8791780350654197,
    "warmth_tolerance": 1.186254382335203,
    "recovery_rate": 0.8229309597982046,
    "baseline_anxiety": 0.3956698627333571,
    "baseline_joy": 0.2084201827931666,
    "emotional_intensity": 1.3809497021443258,
    "emotional_stability": 0.9831835947787824,
    "sociability": 0.7568894688357908,
    "empathy": 0.35755288556492315,
    "trust_default": 0.3536689263315305,
    "curiosity": 0.4766321996236868,
    "introspection": 0.5236984103268046,
    "risk_tolerance": 0.4947898150224093,
    "resilience": 0.7116765281736255,
    "death_awareness": 0.20457285459759833,
    "pattern_seeking": 0.39762801648561735,
    "sky_gazing": 0.5689073209999731,
    "earth_grounding": 0.43454431810134986,
    "mystical_sense": 0.34248272329898405,
    "analytical_mind": 0.2352631401595816,
    "creative_spirit": 0.3102427716539916
  },
  "body": {
    "hunger": 70.0,
    "thirst": 70.0,
    "energy": 100.0,
    "warmth": 50.0,
    "health": 100.0,
    "pain": 0.0,
    "pleasure": 0.0,
    "age": 0.0,
    "x": -28.00923766538918,
    "y": 19.917319896964226
  },
  "emotions": {
    "fear": 0.0,
    "joy": 0.2084201827931666,
    "sadness": 0.0,
    "anger": 0.0,
    "love": 0.0,
    "loneliness": 0.27293315934926277,
    "anxiety": 0.3956698627333571,
    "peace": 0.3,
    "trust": 0.3536689263315305
  },
  "memory": {
    "long_term": [],
    "others": {
      "ser_88281": {
        "first_met": 0,
        "times_met": 1,
        "trust": 0.8,
        "feelings": "parent",
        "memories": []
      },
      "ser_13555": {
        "first_met": 0,
        "times_met": 1,
        "trust": 0.8,
        "feelings": "parent",
        "memories": []
      }
    },
    "traumas": [],
    "happy_memories": []
  },
  "mind": {
    "thought_stream": [
      "...",
      "\u00bfQu\u00e9 es esto?",
      "Existo."
    ],
    "questions": [
      "\u00bfQu\u00e9 soy?",
      "\u00bfD\u00f3nde estoy?"
    ],
    "desires": [],
    "fears": [],
    "self_concept": [],
    "beliefs": {},
    "likes": {}
  }
}