{
  "id": "ser_08669",
  "alive": true,
  "birth_tick": 0,
  "death_tick": null,
  "cause_of_death": null,
  "dna": {
    "metabolism": 1.1153291089619808,
    "pain_sensitivity": 0.8591210919043156,
    "energy_capacity": 0.9482113290036835,
    "warmth_tolerance": 1.1283818492364701,
    "recovery_rate": 1.1086280105690076,
    "baseline_anxiety": 0.35998631119451363,
    "baseline_joy": 0.49681702776852577,
    "emotional_intensity": 0.6191909611165745,
    "emotional_stability": 0.943534041493961,
    "sociability": 0.850585793633438,
    "empathy": 0.7974456082395305,
    "trust_default": 0.6145011519625228,
    "curiosity": 0.7580043238988334,
    "introspection": 0.4728188761435188,
    "risk_tolerance": 0.7449332019091646,
    "resilience": 0.7125895775345257,
    "death_awareness": 0.6364419106443391,
    "pattern_seeking": 0.3465692080111267,
    "sky_gazing": 0.24890769414006453,
    "earth_grounding": 0.8106695743934381,
    "mystical_sense": 0.4199518895541141,
    "analytical_mind": 0.7321263995027707,
    "creative_spirit": 0.9640602363725164
  },
  "body": {
    "hunger": 70.0,
    "thirst": 70.0,
    "energy": 100.0,
    "warmth": 50.0,
    "health": 100.0,
    "pain": 0.0,
    "pleasure": 0.0,
    "age": 0.0,
    "x": -163.18204133944494,
    "y": -144.17132375308185
  },
  "emotions": {
    "fear": 0.0,
    "joy": 0.49681702776852577,
    "sadness": 0.0,
    "anger": 0.0,
    "love": 0.0,
    "loneliness": 0.2448242619099686,
    "anxiety": 0.35998631119451363,
    "peace": 0.3,
    "trust": 0.6145011519625228
  },
  "memory": {
    "long_term": [],
    "others": {
      "ser_48530": {
        "first_met": 0,
        "times_met": 1,
        "trust": 0.8,
        "feelings": "parent",
        "memories": []
      },
      "ser_36673": {
        "first_met": 0,
        "times_met": 1,
        "trust": 0.8,
        "feelings": "parent",
        "memories": []
      }
    },
    "traumas": [],
    "happy_memories": []
  },
  "mind": {
    "thought_stream": [
      "...",
      "\u00bfQu\u00e9 es esto?",
      "Existo."
    ],
    "questions": [
      "\u00bfQu\u00e9 soy?",
      "\u00bfD\u00f3nde estoy?"
    ],
    "desires": [],
    "fears": [],
    "self_concept": [],
    "beliefs": {},
    "likes": {}
  }
}