{
  "id": "ser_14544",
  "alive": true,
  "birth_tick": 0,
  "death_tick": null,
  "cause_of_death": null,
  "dna": {
    "metabolism": 0.8027547387261813,
    "pain_sensitivity": 0.7559211325995402,
    "energy_capacity": 1.0980551786306054,
    "warmth_tolerance": 0.9066908424189868,
    "recovery_rate": 0.8366496754974969,
    "baseline_anxiety": 0.10635875444908849,
    "baseline_joy": 0.22848073887872894,
    "emotional_intensity": 0.6666773693148338,
    "emotional_stability": 0.8455976461590793,
    "sociability": 0.46018680296773934,
    "empathy": 0.4710975604803115,
    "trust_default": 0.5228643101157939,
    "curiosity": 0.9254547901696661,
    "introspection": 0.7519296181217114,
    "risk_tolerance": 0.3705766833118135,
    "resilience": 0.6351536289276443,
    "death_awareness": 0.6707737014633376,
    "pattern_seeking": 0.47568227429833776,
    "sky_gazing": 0.8256287835127241,
    "earth_grounding": 0.6743428485002417,
    "mystical_sense": 0.2567375407432632,
    "analytical_mind": 0.6935218010091815,
    "creative_spirit": 0.5674790967009293
  },
  "body": {
    "hunger": 70.0,
    "thirst": 70.0,
    "energy": 100.0,
    "warmth": 50.0,
    "health": 100.0,
    "pain": 0.0,
    "pleasure": 0.0,
    "age": 0.0,
    "x": 9.819339109804224,
    "y": 46.33146014285744
  },
  "emotions": {
    "fear": 0.0,
    "joy": 0.22848073887872894,
    "sadness": 0.0,
    "anger": 0.0,
    "love": 0.0,
    "loneliness": 0.3619439591096782,
    "anxiety": 0.10635875444908849,
    "peace": 0.3,
    "trust": 0.5228643101157939
  },
  "memory": {
    "long_term": [],
    "others": {
      "ser_45801": {
        "first_met": 0,
        "times_met": 1,
        "trust": 0.8,
        "feelings": "parent",
        "memories": []
      },
      "ser_85269": {
        "first_met": 0,
        "times_met": 1,
        "trust": 0.8,
        "feelings": "parent",
        "memories": []
      }
    },
    "traumas": [],
    "happy_memories": []
  },
  "mind": {
    "thought_stream": [
      "...",
      "\u00bfQu\u00e9 es esto?",
      "Existo."
    ],
    "questions": [
      "\u00bfQu\u00e9 soy?",
      "\u00bfD\u00f3nde estoy?"
    ],
    "desires": [],
    "fears": [],
    "self_concept": [],
    "beliefs": {},
    "likes": {}
  }
}