{
  "id": "ser_43432",
  "alive": true,
  "birth_tick": 0,
  "death_tick": null,
  "cause_of_death": null,
  "dna": {
    "metabolism": 0.7667930043809921,
    "pain_sensitivity": 0.6662672246219349,
    "energy_capacity": 0.8142973718386893,
    "warmth_tolerance": 1.2065313154151032,
    "recovery_rate": 1.0267346158506896,
    "baseline_anxiety": 0.10635875444908849,
    "baseline_joy": 0.22848073887872894,
    "emotional_intensity": 0.9446286037914656,
    "emotional_stability": 0.8455976461590793,
    "sociability": 0.38163240051662894,
    "empathy": 0.33509220404459794,
    "trust_default": 0.620915877042086,
    "curiosity": 0.5854404948135282,
    "introspection": 0.46212364285239793,
    "risk_tolerance": 0.4579477723098483,
    "resilience": 0.7595191371160593,
    "death_awareness": 0.5312900499779405,
    "pattern_seeking": 0.6324710710762476,
    "sky_gazing": 0.7659866643472579,
    "earth_grounding": 0.2642921084248231,
    "mystical_sense": 0.8260703268224804,
    "analytical_mind": 0.6987089539270606,
    "creative_spirit": 0.40635100898343535
  },
  "body": {
    "hunger": 70.0,
    "thirst": 70.0,
    "energy": 100.0,
    "warmth": 50.0,
    "health": 100.0,
    "pain": 0.0,
    "pleasure": 0.0,
    "age": 0.0,
    "x": 9.170345845187999,
    "y": 42.884696033195624
  },
  "emotions": {
    "fear": 0.0,
    "joy": 0.22848073887872894,
    "sadness": 0.0,
    "anger": 0.0,
    "love": 0.0,
    "loneliness": 0.3855102798450113,
    "anxiety": 0.10635875444908849,
    "peace": 0.3,
    "trust": 0.620915877042086
  },
  "memory": {
    "long_term": [],
    "others": {
      "ser_18489": {
        "first_met": 0,
        "times_met": 1,
        "trust": 0.8,
        "feelings": "parent",
        "memories": []
      },
      "ser_85269": {
        "first_met": 0,
        "times_met": 1,
        "trust": 0.8,
        "feelings": "parent",
        "memories": []
      }
    },
    "traumas": [],
    "happy_memories": []
  },
  "mind": {
    "thought_stream": [
      "...",
      "\u00bfQu\u00e9 es esto?",
      "Existo."
    ],
    "questions": [
      "\u00bfQu\u00e9 soy?",
      "\u00bfD\u00f3nde estoy?"
    ],
    "desires": [],
    "fears": [],
    "self_concept": [],
    "beliefs": {},
    "likes": {}
  }
}