{
  "id": "ser_24087",
  "alive": true,
  "birth_tick": 0,
  "death_tick": null,
  "cause_of_death": null,
  "dna": {
    "metabolism": 1.0133770163717166,
    "pain_sensitivity": 1.4698605502437552,
    "energy_capacity": 0.9627924926726745,
    "warmth_tolerance": 1.0233512580910886,
    "recovery_rate": 1.082791845099347,
    "baseline_anxiety": 0.2684608837285138,
    "baseline_joy": 0.4145155878767677,
    "emotional_intensity": 1.0176674535828096,
    "emotional_stability": 0.5698322241460829,
    "sociability": 0.8985268773059607,
    "empathy": 0.7856886837696246,
    "trust_default": 0.37217745926227164,
    "curiosity": 0.3202829761126514,
    "introspection": 0.6190983440218705,
    "risk_tolerance": 0.5979757649998058,
    "resilience": 0.5701526205999659,
    "death_awareness": 0.4299707759869209,
    "pattern_seeking": 0.2598815905029742,
    "sky_gazing": 0.2474076683098961,
    "earth_grounding": 0.8365782054763544,
    "mystical_sense": 0.7178161556945308,
    "analytical_mind": 0.5387016813808769,
    "creative_spirit": 0.8852503905481781
  },
  "body": {
    "hunger": 70.0,
    "thirst": 70.0,
    "energy": 100.0,
    "warmth": 50.0,
    "health": 100.0,
    "pain": 0.0,
    "pleasure": 0.0,
    "age": 0.0,
    "x": 48.265603183513456,
    "y": 10.998390530849385
  },
  "emotions": {
    "fear": 0.0,
    "joy": 0.4145155878767677,
    "sadness": 0.0,
    "anger": 0.0,
    "love": 0.0,
    "loneliness": 0.2304419368082118,
    "anxiety": 0.2684608837285138,
    "peace": 0.3,
    "trust": 0.37217745926227164
  },
  "memory": {
    "long_term": [],
    "others": {
      "ser_06277": {
        "first_met": 0,
        "times_met": 1,
        "trust": 0.8,
        "feelings": "parent",
        "memories": []
      },
      "ser_19123": {
        "first_met": 0,
        "times_met": 1,
        "trust": 0.8,
        "feelings": "parent",
        "memories": []
      }
    },
    "traumas": [],
    "happy_memories": []
  },
  "mind": {
    "thought_stream": [
      "...",
      "\u00bfQu\u00e9 es esto?",
      "Existo."
    ],
    "questions": [
      "\u00bfQu\u00e9 soy?",
      "\u00bfD\u00f3nde estoy?"
    ],
    "desires": [],
    "fears": [],
    "self_concept": [],
    "beliefs": {},
    "likes": {}
  }
}