{
  "id": "ser_31525",
  "alive": true,
  "birth_tick": 0,
  "death_tick": null,
  "cause_of_death": null,
  "dna": {
    "metabolism": 1.0133770163717166,
    "pain_sensitivity": 0.5125173374522208,
    "energy_capacity": 1.1826851039298178,
    "warmth_tolerance": 1.1348214026214407,
    "recovery_rate": 1.082791845099347,
    "baseline_anxiety": 0.16391373770051668,
    "baseline_joy": 0.33714834875090494,
    "emotional_intensity": 1.0176674535828096,
    "emotional_stability": 0.9061997174040959,
    "sociability": 0.8985268773059607,
    "empathy": 0.8317098719305551,
    "trust_default": 0.37217745926227164,
    "curiosity": 0.7923272758565572,
    "introspection": 0.5287644145773848,
    "risk_tolerance": 0.5979757649998058,
    "resilience": 0.5701526205999659,
    "death_awareness": 0.4299707759869209,
    "pattern_seeking": 0.2598815905029742,
    "sky_gazing": 0.29004708809293067,
    "earth_grounding": 0.8312924371193944,
    "mystical_sense": 0.2539332716262378,
    "analytical_mind": 0.9374528959040549,
    "creative_spirit": 0.8852503905481781
  },
  "body": {
    "hunger": 70.0,
    "thirst": 70.0,
    "energy": 100.0,
    "warmth": 50.0,
    "health": 100.0,
    "pain": 0.0,
    "pleasure": 0.0,
    "age": 0.0,
    "x": 88.17449006143795,
    "y": 22.613044160269112
  },
  "emotions": {
    "fear": 0.0,
    "joy": 0.33714834875090494,
    "sadness": 0.0,
    "anger": 0.0,
    "love": 0.0,
    "loneliness": 0.2304419368082118,
    "anxiety": 0.16391373770051668,
    "peace": 0.3,
    "trust": 0.37217745926227164
  },
  "memory": {
    "long_term": [],
    "others": {
      "ser_19123": {
        "first_met": 0,
        "times_met": 1,
        "trust": 0.8,
        "feelings": "parent",
        "memories": []
      },
      "ser_06277": {
        "first_met": 0,
        "times_met": 1,
        "trust": 0.8,
        "feelings": "parent",
        "memories": []
      }
    },
    "traumas": [],
    "happy_memories": []
  },
  "mind": {
    "thought_stream": [
      "...",
      "\u00bfQu\u00e9 es esto?",
      "Existo."
    ],
    "questions": [
      "\u00bfQu\u00e9 soy?",
      "\u00bfD\u00f3nde estoy?"
    ],
    "desires": [],
    "fears": [],
    "self_concept": [],
    "beliefs": {},
    "likes": {}
  }
}