{
  "id": "ser_72617",
  "alive": true,
  "birth_tick": 0,
  "death_tick": null,
  "cause_of_death": null,
  "dna": {
    "metabolism": 0.7667930043809921,
    "pain_sensitivity": 0.6662672246219349,
    "energy_capacity": 1.0659877414891605,
    "warmth_tolerance": 0.9066908424189868,
    "recovery_rate": 0.847466198951833,
    "baseline_anxiety": 0.10635875444908849,
    "baseline_joy": 0.22848073887872894,
    "emotional_intensity": 0.6666773693148338,
    "emotional_stability": 0.7780615185036575,
    "sociability": 0.5397206045807875,
    "empathy": 0.4452573067039174,
    "trust_default": 0.5228643101157939,
    "curiosity": 0.9254547901696661,
    "introspection": 0.7519296181217114,
    "risk_tolerance": 0.3705766833118135,
    "resilience": 0.7265454923309923,
    "death_awareness": 0.6707737014633376,
    "pattern_seeking": 0.41875532327420284,
    "sky_gazing": 0.7946029367716423,
    "earth_grounding": 0.6743428485002417,
    "mystical_sense": 0.2567375407432632,
    "analytical_mind": 0.6935218010091815,
    "creative_spirit": 0.572283864692799
  },
  "body": {
    "hunger": 70.0,
    "thirst": 70.0,
    "energy": 100.0,
    "warmth": 50.0,
    "health": 100.0,
    "pain": 0.0,
    "pleasure": 0.0,
    "age": 0.0,
    "x": 8.152445631973809,
    "y": 49.60869273225008
  },
  "emotions": {
    "fear": 0.0,
    "joy": 0.22848073887872894,
    "sadness": 0.0,
    "anger": 0.0,
    "love": 0.0,
    "loneliness": 0.33808381862576375,
    "anxiety": 0.10635875444908849,
    "peace": 0.3,
    "trust": 0.5228643101157939
  },
  "memory": {
    "long_term": [],
    "others": {
      "ser_45801": {
        "first_met": 0,
        "times_met": 1,
        "trust": 0.8,
        "feelings": "parent",
        "memories": []
      },
      "ser_85269": {
        "first_met": 0,
        "times_met": 1,
        "trust": 0.8,
        "feelings": "parent",
        "memories": []
      }
    },
    "traumas": [],
    "happy_memories": []
  },
  "mind": {
    "thought_stream": [
      "...",
      "\u00bfQu\u00e9 es esto?",
      "Existo."
    ],
    "questions": [
      "\u00bfQu\u00e9 soy?",
      "\u00bfD\u00f3nde estoy?"
    ],
    "desires": [],
    "fears": [],
    "self_concept": [],
    "beliefs": {},
    "likes": {}
  }
}