{
  "id": "ser_56892",
  "alive": true,
  "birth_tick": 0,
  "death_tick": null,
  "cause_of_death": null,
  "dna": {
    "metabolism": 1.077792948482871,
    "pain_sensitivity": 0.9813909094590201,
    "energy_capacity": 1.1675631508057154,
    "warmth_tolerance": 0.975130291151361,
    "recovery_rate": 1.0875467983658733,
    "baseline_anxiety": 0.028501196738311085,
    "baseline_joy": 0.3223612828421957,
    "emotional_intensity": 0.9851855875561027,
    "emotional_stability": 0.5490516235780605,
    "sociability": 0.7619243677798169,
    "empathy": 0.6548209282232234,
    "trust_default": 0.44603615401706864,
    "curiosity": 0.35520030050689,
    "introspection": 0.5138904315892593,
    "risk_tolerance": 0.21280938826420764,
    "resilience": 0.90260249636876,
    "death_awareness": 0.5362679012614812,
    "pattern_seeking": 0.8391000664108239,
    "sky_gazing": 0.22209638629730433,
    "earth_grounding": 0.42371144794690796,
    "mystical_sense": 0.7086484772645023,
    "analytical_mind": 0.6102141786543924,
    "creative_spirit": 0.8215123516594562
  },
  "body": {
    "hunger": 70.0,
    "thirst": 70.0,
    "energy": 100.0,
    "warmth": 50.0,
    "health": 100.0,
    "pain": 0.0,
    "pleasure": 0.0,
    "age": 0.0,
    "x": 25.42410249680541,
    "y": -19.932145952431338
  },
  "emotions": {
    "fear": 0.0,
    "joy": 0.3223612828421957,
    "sadness": 0.0,
    "anger": 0.0,
    "love": 0.0,
    "loneliness": 0.271422689666055,
    "anxiety": 0.028501196738311085,
    "peace": 0.3,
    "trust": 0.44603615401706864
  },
  "memory": {
    "long_term": [],
    "others": {
      "ser_30674": {
        "first_met": 0,
        "times_met": 1,
        "trust": 0.8,
        "feelings": "parent",
        "memories": []
      },
      "ser_05737": {
        "first_met": 0,
        "times_met": 1,
        "trust": 0.8,
        "feelings": "parent",
        "memories": []
      }
    },
    "traumas": [],
    "happy_memories": []
  },
  "mind": {
    "thought_stream": [
      "...",
      "\u00bfQu\u00e9 es esto?",
      "Existo."
    ],
    "questions": [
      "\u00bfQu\u00e9 soy?",
      "\u00bfD\u00f3nde estoy?"
    ],
    "desires": [],
    "fears": [],
    "self_concept": [],
    "beliefs": {},
    "likes": {}
  }
}