{
  "id": "ser_99793",
  "alive": true,
  "birth_tick": 0,
  "death_tick": null,
  "cause_of_death": null,
  "dna": {
    "metabolism": 0.9142031917326344,
    "pain_sensitivity": 1.4695641536154533,
    "energy_capacity": 0.9461112817056512,
    "warmth_tolerance": 1.186254382335203,
    "recovery_rate": 0.8206382599927856,
    "baseline_anxiety": 0.06907871733690137,
    "baseline_joy": 0.30981970045036555,
    "emotional_intensity": 0.9863245143608432,
    "emotional_stability": 0.9965206619234978,
    "sociability": 0.7568894688357908,
    "empathy": 0.7955774027567915,
    "trust_default": 0.3536689263315305,
    "curiosity": 0.3668338956685652,
    "introspection": 0.5236984103268046,
    "risk_tolerance": 0.66505287088778,
    "resilience": 0.8372114729449336,
    "death_awareness": 0.23608712151975902,
    "pattern_seeking": 0.635162749473986,
    "sky_gazing": 0.17681856752060765,
    "earth_grounding": 0.22951860410898153,
    "mystical_sense": 0.41945179304991265,
    "analytical_mind": 0.4200695855917146,
    "creative_spirit": 0.45494726550361897
  },
  "body": {
    "hunger": 70.0,
    "thirst": 70.0,
    "energy": 100.0,
    "warmth": 50.0,
    "health": 100.0,
    "pain": 0.0,
    "pleasure": 0.0,
    "age": 0.0,
    "x": -34.768133272909225,
    "y": 19.323163594168697
  },
  "emotions": {
    "fear": 0.0,
    "joy": 0.30981970045036555,
    "sadness": 0.0,
    "anger": 0.0,
    "love": 0.0,
    "loneliness": 0.27293315934926277,
    "anxiety": 0.06907871733690137,
    "peace": 0.3,
    "trust": 0.3536689263315305
  },
  "memory": {
    "long_term": [],
    "others": {
      "ser_93012": {
        "first_met": 0,
        "times_met": 1,
        "trust": 0.8,
        "feelings": "parent",
        "memories": []
      },
      "ser_09277": {
        "first_met": 0,
        "times_met": 1,
        "trust": 0.8,
        "feelings": "parent",
        "memories": []
      }
    },
    "traumas": [],
    "happy_memories": []
  },
  "mind": {
    "thought_stream": [
      "...",
      "\u00bfQu\u00e9 es esto?",
      "Existo."
    ],
    "questions": [
      "\u00bfQu\u00e9 soy?",
      "\u00bfD\u00f3nde estoy?"
    ],
    "desires": [],
    "fears": [],
    "self_concept": [],
    "beliefs": {},
    "likes": {}
  }
}