{
  "id": "ser_86257",
  "alive": true,
  "birth_tick": 0,
  "death_tick": null,
  "cause_of_death": null,
  "dna": {
    "metabolism": 1.2194868524597087,
    "pain_sensitivity": 1.0964128887268076,
    "energy_capacity": 1.0163351312469067,
    "warmth_tolerance": 1.1859163107703719,
    "recovery_rate": 1.0875467983658733,
    "baseline_anxiety": 0.347618644344679,
    "baseline_joy": 0.3223612828421957,
    "emotional_intensity": 0.8660678334358383,
    "emotional_stability": 0.6443804879766493,
    "sociability": 0.8234804718525104,
    "empathy": 0.6548209282232234,
    "trust_default": 0.5952283268506211,
    "curiosity": 0.8567550266697177,
    "introspection": 0.7123244293981739,
    "risk_tolerance": 0.6217049450455896,
    "resilience": 0.4467654005662609,
    "death_awareness": 0.5362679012614812,
    "pattern_seeking": 0.8391000664108239,
    "sky_gazing": 0.13625036360681575,
    "earth_grounding": 0.485352504986013,
    "mystical_sense": 0.7086484772645023,
    "analytical_mind": 0.6102141786543924,
    "creative_spirit": 0.9936642374601772
  },
  "body": {
    "hunger": 70.0,
    "thirst": 70.0,
    "energy": 100.0,
    "warmth": 50.0,
    "health": 100.0,
    "pain": 0.0,
    "pleasure": 0.0,
    "age": 0.0,
    "x": 26.639021150901968,
    "y": -14.669184207120955
  },
  "emotions": {
    "fear": 0.0,
    "joy": 0.3223612828421957,
    "sadness": 0.0,
    "anger": 0.0,
    "love": 0.0,
    "loneliness": 0.2529558584442469,
    "anxiety": 0.347618644344679,
    "peace": 0.3,
    "trust": 0.5952283268506211
  },
  "memory": {
    "long_term": [],
    "others": {
      "ser_05737": {
        "first_met": 0,
        "times_met": 1,
        "trust": 0.8,
        "feelings": "parent",
        "memories": []
      },
      "ser_30674": {
        "first_met": 0,
        "times_met": 1,
        "trust": 0.8,
        "feelings": "parent",
        "memories": []
      }
    },
    "traumas": [],
    "happy_memories": []
  },
  "mind": {
    "thought_stream": [
      "...",
      "\u00bfQu\u00e9 es esto?",
      "Existo."
    ],
    "questions": [
      "\u00bfQu\u00e9 soy?",
      "\u00bfD\u00f3nde estoy?"
    ],
    "desires": [],
    "fears": [],
    "self_concept": [],
    "beliefs": {},
    "likes": {}
  }
}