{
  "id": "ser_25962",
  "alive": true,
  "birth_tick": 0,
  "death_tick": null,
  "cause_of_death": null,
  "dna": {
    "metabolism": 1.0794573891668433,
    "pain_sensitivity": 0.7270666619254723,
    "energy_capacity": 1.0163351312469067,
    "warmth_tolerance": 1.1859163107703719,
    "recovery_rate": 1.0190352927553672,
    "baseline_anxiety": 0.347618644344679,
    "baseline_joy": 0.41678028890606267,
    "emotional_intensity": 1.0387703812470352,
    "emotional_stability": 0.5490516235780605,
    "sociability": 0.9670838410463294,
    "empathy": 0.8581398155533553,
    "trust_default": 0.44603615401706864,
    "curiosity": 0.35520030050689,
    "introspection": 0.5581809980894645,
    "risk_tolerance": 0.6217049450455896,
    "resilience": 0.90260249636876,
    "death_awareness": 0.6346872584186503,
    "pattern_seeking": 0.41812919642329605,
    "sky_gazing": 0.13625036360681575,
    "earth_grounding": 0.4206143279651966,
    "mystical_sense": 0.20445589909011772,
    "analytical_mind": 0.6102141786543924,
    "creative_spirit": 0.8215123516594562
  },
  "body": {
    "hunger": 70.0,
    "thirst": 70.0,
    "energy": 100.0,
    "warmth": 50.0,
    "health": 100.0,
    "pain": 0.0,
    "pleasure": 0.0,
    "age": 0.0,
    "x": 25.707481337512096,
    "y": -9.919064719998303
  },
  "emotions": {
    "fear": 0.0,
    "joy": 0.41678028890606267,
    "sadness": 0.0,
    "anger": 0.0,
    "love": 0.0,
    "loneliness": 0.2098748476861012,
    "anxiety": 0.347618644344679,
    "peace": 0.3,
    "trust": 0.44603615401706864
  },
  "memory": {
    "long_term": [],
    "others": {
      "ser_03023": {
        "first_met": 0,
        "times_met": 1,
        "trust": 0.8,
        "feelings": "parent",
        "memories": []
      },
      "ser_30674": {
        "first_met": 0,
        "times_met": 1,
        "trust": 0.8,
        "feelings": "parent",
        "memories": []
      }
    },
    "traumas": [],
    "happy_memories": []
  },
  "mind": {
    "thought_stream": [
      "...",
      "\u00bfQu\u00e9 es esto?",
      "Existo."
    ],
    "questions": [
      "\u00bfQu\u00e9 soy?",
      "\u00bfD\u00f3nde estoy?"
    ],
    "desires": [],
    "fears": [],
    "self_concept": [],
    "beliefs": {},
    "likes": {}
  }
}