{
  "id": "ser_23880",
  "alive": true,
  "birth_tick": 0,
  "death_tick": null,
  "cause_of_death": null,
  "dna": {
    "metabolism": 1.2194868524597087,
    "pain_sensitivity": 0.9184373897572988,
    "energy_capacity": 1.1675631508057154,
    "warmth_tolerance": 1.1859163107703719,
    "recovery_rate": 1.0875467983658733,
    "baseline_anxiety": 0.347618644344679,
    "baseline_joy": 0.4047015273758513,
    "emotional_intensity": 0.8660678334358383,
    "emotional_stability": 0.5490516235780605,
    "sociability": 0.9670838410463294,
    "empathy": 0.6548209282232234,
    "trust_default": 0.44603615401706864,
    "curiosity": 0.6645363634539619,
    "introspection": 0.31732718587548664,
    "risk_tolerance": 0.21280938826420764,
    "resilience": 0.90260249636876,
    "death_awareness": 0.5362679012614812,
    "pattern_seeking": 0.8391000664108239,
    "sky_gazing": 0.13625036360681575,
    "earth_grounding": 0.42371144794690796,
    "mystical_sense": 0.7086484772645023,
    "analytical_mind": 0.633141718751486,
    "creative_spirit": 0.8363772777912428
  },
  "body": {
    "hunger": 70.0,
    "thirst": 70.0,
    "energy": 100.0,
    "warmth": 50.0,
    "health": 100.0,
    "pain": 0.0,
    "pleasure": 0.0,
    "age": 0.0,
    "x": 27.163480542681064,
    "y": -9.287953155315595
  },
  "emotions": {
    "fear": 0.0,
    "joy": 0.4047015273758513,
    "sadness": 0.0,
    "anger": 0.0,
    "love": 0.0,
    "loneliness": 0.2098748476861012,
    "anxiety": 0.347618644344679,
    "peace": 0.3,
    "trust": 0.44603615401706864
  },
  "memory": {
    "long_term": [],
    "others": {
      "ser_30674": {
        "first_met": 0,
        "times_met": 1,
        "trust": 0.8,
        "feelings": "parent",
        "memories": []
      },
      "ser_05737": {
        "first_met": 0,
        "times_met": 1,
        "trust": 0.8,
        "feelings": "parent",
        "memories": []
      }
    },
    "traumas": [],
    "happy_memories": []
  },
  "mind": {
    "thought_stream": [
      "...",
      "\u00bfQu\u00e9 es esto?",
      "Existo."
    ],
    "questions": [
      "\u00bfQu\u00e9 soy?",
      "\u00bfD\u00f3nde estoy?"
    ],
    "desires": [],
    "fears": [],
    "self_concept": [],
    "beliefs": {},
    "likes": {}
  }
}