{
  "id": "ser_03591",
  "alive": true,
  "birth_tick": 0,
  "death_tick": null,
  "cause_of_death": null,
  "dna": {
    "metabolism": 1.2317569839581561,
    "pain_sensitivity": 1.4695641536154533,
    "energy_capacity": 0.9151816423321798,
    "warmth_tolerance": 1.186254382335203,
    "recovery_rate": 1.0353275361714012,
    "baseline_anxiety": 0.34497511528467206,
    "baseline_joy": 0.30981970045036555,
    "emotional_intensity": 0.9863245143608432,
    "emotional_stability": 1.0,
    "sociability": 0.7568894688357908,
    "empathy": 0.887097347457031,
    "trust_default": 0.4812039472499574,
    "curiosity": 0.41499745953791606,
    "introspection": 0.5113169375076364,
    "risk_tolerance": 0.4947898150224093,
    "resilience": 0.8149472580212483,
    "death_awareness": 0.391769488412106,
    "pattern_seeking": 0.6575683439065891,
    "sky_gazing": 0.26238956183718787,
    "earth_grounding": 0.22951860410898153,
    "mystical_sense": 0.41945179304991265,
    "analytical_mind": 0.2346781363952386,
    "creative_spirit": 0.46869025886533
  },
  "body": {
    "hunger": 70.0,
    "thirst": 70.0,
    "energy": 100.0,
    "warmth": 50.0,
    "health": 100.0,
    "pain": 0.0,
    "pleasure": 0.0,
    "age": 0.0,
    "x": -33.67077985369208,
    "y": 20.129044714919395
  },
  "emotions": {
    "fear": 0.0,
    "joy": 0.30981970045036555,
    "sadness": 0.0,
    "anger": 0.0,
    "love": 0.0,
    "loneliness": 0.27293315934926277,
    "anxiety": 0.34497511528467206,
    "peace": 0.3,
    "trust": 0.4812039472499574
  },
  "memory": {
    "long_term": [],
    "others": {
      "ser_04779": {
        "first_met": 0,
        "times_met": 1,
        "trust": 0.8,
        "feelings": "parent",
        "memories": []
      },
      "ser_13555": {
        "first_met": 0,
        "times_met": 1,
        "trust": 0.8,
        "feelings": "parent",
        "memories": []
      }
    },
    "traumas": [],
    "happy_memories": []
  },
  "mind": {
    "thought_stream": [
      "...",
      "\u00bfQu\u00e9 es esto?",
      "Existo."
    ],
    "questions": [
      "\u00bfQu\u00e9 soy?",
      "\u00bfD\u00f3nde estoy?"
    ],
    "desires": [],
    "fears": [],
    "self_concept": [],
    "beliefs": {},
    "likes": {}
  }
}