{
  "id": "ser_05081",
  "alive": true,
  "birth_tick": 0,
  "death_tick": null,
  "cause_of_death": null,
  "dna": {
    "metabolism": 1.2181139216454255,
    "pain_sensitivity": 0.9092081696714935,
    "energy_capacity": 0.8515616002289503,
    "warmth_tolerance": 0.7757469924283172,
    "recovery_rate": 0.9930207316765817,
    "baseline_anxiety": 0.06907871733690137,
    "baseline_joy": 0.41360538370365285,
    "emotional_intensity": 1.3809497021443258,
    "emotional_stability": 0.9965206619234978,
    "sociability": 0.325397576337597,
    "empathy": 0.9304492728991636,
    "trust_default": 0.6963748603299822,
    "curiosity": 0.7183989873637175,
    "introspection": 0.6650948046924494,
    "risk_tolerance": 0.66505287088778,
    "resilience": 0.7116765281736255,
    "death_awareness": 0.20457285459759833,
    "pattern_seeking": 0.6575683439065891,
    "sky_gazing": 0.17681856752060765,
    "earth_grounding": 0.43454431810134986,
    "mystical_sense": 0.7712837322556029,
    "analytical_mind": 0.2352631401595816,
    "creative_spirit": 0.4221402218185281
  },
  "body": {
    "hunger": 70.0,
    "thirst": 70.0,
    "energy": 100.0,
    "warmth": 50.0,
    "health": 100.0,
    "pain": 0.0,
    "pleasure": 0.0,
    "age": 0.0,
    "x": -14.512080869561252,
    "y": 35.96687548061304
  },
  "emotions": {
    "fear": 0.0,
    "joy": 0.41360538370365285,
    "sadness": 0.0,
    "anger": 0.0,
    "love": 0.0,
    "loneliness": 0.4023807270987209,
    "anxiety": 0.06907871733690137,
    "peace": 0.3,
    "trust": 0.6963748603299822
  },
  "memory": {
    "long_term": [],
    "others": {
      "ser_88281": {
        "first_met": 0,
        "times_met": 1,
        "trust": 0.8,
        "feelings": "parent",
        "memories": []
      },
      "ser_12773": {
        "first_met": 0,
        "times_met": 1,
        "trust": 0.8,
        "feelings": "parent",
        "memories": []
      }
    },
    "traumas": [],
    "happy_memories": []
  },
  "mind": {
    "thought_stream": [
      "...",
      "\u00bfQu\u00e9 es esto?",
      "Existo."
    ],
    "questions": [
      "\u00bfQu\u00e9 soy?",
      "\u00bfD\u00f3nde estoy?"
    ],
    "desires": [],
    "fears": [],
    "self_concept": [],
    "beliefs": {},
    "likes": {}
  }
}