{
  "id": "ser_63273",
  "alive": true,
  "birth_tick": 0,
  "death_tick": null,
  "cause_of_death": null,
  "dna": {
    "metabolism": 0.7735834764781174,
    "pain_sensitivity": 0.6104957238379208,
    "energy_capacity": 1.0287656539616983,
    "warmth_tolerance": 1.186254382335203,
    "recovery_rate": 1.0331413339762499,
    "baseline_anxiety": 0.11396863565432619,
    "baseline_joy": 0.41360538370365285,
    "emotional_intensity": 1.1889931991437592,
    "emotional_stability": 0.516109184212568,
    "sociability": 0.3331197605009624,
    "empathy": 0.706641488631998,
    "trust_default": 0.4968232397362302,
    "curiosity": 0.4766321996236868,
    "introspection": 0.5236984103268046,
    "risk_tolerance": 0.21962651763956456,
    "resilience": 0.8423933797082408,
    "death_awareness": 0.23608712151975902,
    "pattern_seeking": 0.6575683439065891,
    "sky_gazing": 0.49154033205696285,
    "earth_grounding": 0.3772877635447698,
    "mystical_sense": 0.9117436832876736,
    "analytical_mind": 0.3697702785479841,
    "creative_spirit": 0.45494726550361897
  },
  "body": {
    "hunger": 70.0,
    "thirst": 70.0,
    "energy": 100.0,
    "warmth": 50.0,
    "health": 100.0,
    "pain": 0.0,
    "pleasure": 0.0,
    "age": 0.0,
    "x": -42.819860055536736,
    "y": 23.220554112852582
  },
  "emotions": {
    "fear": 0.0,
    "joy": 0.41360538370365285,
    "sadness": 0.0,
    "anger": 0.0,
    "love": 0.0,
    "loneliness": 0.40006407184971127,
    "anxiety": 0.11396863565432619,
    "peace": 0.3,
    "trust": 0.4968232397362302
  },
  "memory": {
    "long_term": [],
    "others": {
      "ser_89796": {
        "first_met": 0,
        "times_met": 1,
        "trust": 0.8,
        "feelings": "parent",
        "memories": []
      },
      "ser_44829": {
        "first_met": 0,
        "times_met": 1,
        "trust": 0.8,
        "feelings": "parent",
        "memories": []
      }
    },
    "traumas": [],
    "happy_memories": []
  },
  "mind": {
    "thought_stream": [
      "...",
      "\u00bfQu\u00e9 es esto?",
      "Existo."
    ],
    "questions": [
      "\u00bfQu\u00e9 soy?",
      "\u00bfD\u00f3nde estoy?"
    ],
    "desires": [],
    "fears": [],
    "self_concept": [],
    "beliefs": {},
    "likes": {}
  }
}