{
  "id": "ser_12416",
  "alive": true,
  "birth_tick": 0,
  "death_tick": null,
  "cause_of_death": null,
  "dna": {
    "metabolism": 1.2181139216454255,
    "pain_sensitivity": 1.4695641536154533,
    "energy_capacity": 0.9010249607370757,
    "warmth_tolerance": 1.186254382335203,
    "recovery_rate": 1.0353275361714012,
    "baseline_anxiety": 0.34497511528467206,
    "baseline_joy": 0.30981970045036555,
    "emotional_intensity": 1.3809497021443258,
    "emotional_stability": 0.9831835947787824,
    "sociability": 0.4642550227228274,
    "empathy": 0.887097347457031,
    "trust_default": 0.4812039472499574,
    "curiosity": 0.3668338956685652,
    "introspection": 0.623086344581515,
    "risk_tolerance": 0.66505287088778,
    "resilience": 0.8149472580212483,
    "death_awareness": 0.391769488412106,
    "pattern_seeking": 0.7127572231088437,
    "sky_gazing": 0.26238956183718787,
    "earth_grounding": 0.22568632369379343,
    "mystical_sense": 0.41945179304991265,
    "analytical_mind": 0.34912005027377635,
    "creative_spirit": 0.5971312684573695
  },
  "body": {
    "hunger": 70.0,
    "thirst": 70.0,
    "energy": 100.0,
    "warmth": 50.0,
    "health": 100.0,
    "pain": 0.0,
    "pleasure": 0.0,
    "age": 0.0,
    "x": -37.08247664863068,
    "y": 19.368460519992865
  },
  "emotions": {
    "fear": 0.0,
    "joy": 0.30981970045036555,
    "sadness": 0.0,
    "anger": 0.0,
    "love": 0.0,
    "loneliness": 0.3607234931831518,
    "anxiety": 0.34497511528467206,
    "peace": 0.3,
    "trust": 0.4812039472499574
  },
  "memory": {
    "long_term": [],
    "others": {
      "ser_13555": {
        "first_met": 0,
        "times_met": 1,
        "trust": 0.8,
        "feelings": "parent",
        "memories": []
      },
      "ser_09277": {
        "first_met": 0,
        "times_met": 1,
        "trust": 0.8,
        "feelings": "parent",
        "memories": []
      }
    },
    "traumas": [],
    "happy_memories": []
  },
  "mind": {
    "thought_stream": [
      "...",
      "\u00bfQu\u00e9 es esto?",
      "Existo."
    ],
    "questions": [
      "\u00bfQu\u00e9 soy?",
      "\u00bfD\u00f3nde estoy?"
    ],
    "desires": [],
    "fears": [],
    "self_concept": [],
    "beliefs": {},
    "likes": {}
  }
}