{
  "id": "ser_24261",
  "alive": true,
  "birth_tick": 0,
  "death_tick": null,
  "cause_of_death": null,
  "dna": {
    "metabolism": 0.7437559601126804,
    "pain_sensitivity": 0.6662672246219349,
    "energy_capacity": 0.8142973718386893,
    "warmth_tolerance": 0.9066908424189868,
    "recovery_rate": 0.9608585110399332,
    "baseline_anxiety": 0.24691276685532448,
    "baseline_joy": 0.3551855747995679,
    "emotional_intensity": 1.2508469398353652,
    "emotional_stability": 0.6415394883332167,
    "sociability": 0.7251266843619615,
    "empathy": 0.4452573067039174,
    "trust_default": 0.6266678346221581,
    "curiosity": 0.3698571540960265,
    "introspection": 0.46212364285239793,
    "risk_tolerance": 0.4579477723098483,
    "resilience": 0.8158116751326767,
    "death_awareness": 0.5312900499779405,
    "pattern_seeking": 0.4002609687772878,
    "sky_gazing": 0.6548051735222088,
    "earth_grounding": 0.2642921084248231,
    "mystical_sense": 0.2567375407432632,
    "analytical_mind": 0.7000497451230325,
    "creative_spirit": 0.5674790967009293
  },
  "body": {
    "hunger": 70.0,
    "thirst": 70.0,
    "energy": 100.0,
    "warmth": 50.0,
    "health": 100.0,
    "pain": 0.0,
    "pleasure": 0.0,
    "age": 0.0,
    "x": 8.740993369501824,
    "y": 47.814911389763
  },
  "emotions": {
    "fear": 0.0,
    "joy": 0.3551855747995679,
    "sadness": 0.0,
    "anger": 0.0,
    "love": 0.0,
    "loneliness": 0.28246199469141153,
    "anxiety": 0.24691276685532448,
    "peace": 0.3,
    "trust": 0.6266678346221581
  },
  "memory": {
    "long_term": [],
    "others": {
      "ser_27994": {
        "first_met": 0,
        "times_met": 1,
        "trust": 0.8,
        "feelings": "parent",
        "memories": []
      },
      "ser_83475": {
        "first_met": 0,
        "times_met": 1,
        "trust": 0.8,
        "feelings": "parent",
        "memories": []
      }
    },
    "traumas": [],
    "happy_memories": []
  },
  "mind": {
    "thought_stream": [
      "...",
      "\u00bfQu\u00e9 es esto?",
      "Existo."
    ],
    "questions": [
      "\u00bfQu\u00e9 soy?",
      "\u00bfD\u00f3nde estoy?"
    ],
    "desires": [],
    "fears": [],
    "self_concept": [],
    "beliefs": {},
    "likes": {}
  }
}