{
  "id": "ser_46864",
  "alive": true,
  "birth_tick": 0,
  "death_tick": null,
  "cause_of_death": null,
  "dna": {
    "metabolism": 1.010788157250216,
    "pain_sensitivity": 0.9092081696714935,
    "energy_capacity": 0.8694953770046991,
    "warmth_tolerance": 1.186254382335203,
    "recovery_rate": 0.8741459328866655,
    "baseline_anxiety": 0.3956698627333571,
    "baseline_joy": 0.2204448700767485,
    "emotional_intensity": 1.3809497021443258,
    "emotional_stability": 0.7836971997588964,
    "sociability": 0.325397576337597,
    "empathy": 0.35755288556492315,
    "trust_default": 0.6963748603299822,
    "curiosity": 0.4766321996236868,
    "introspection": 0.5909769013443698,
    "risk_tolerance": 0.4947898150224093,
    "resilience": 0.8004984259755188,
    "death_awareness": 0.20457285459759833,
    "pattern_seeking": 0.6575683439065891,
    "sky_gazing": 0.26238956183718787,
    "earth_grounding": 0.43454431810134986,
    "mystical_sense": 0.41945179304991265,
    "analytical_mind": 0.2352631401595816,
    "creative_spirit": 0.3102427716539916
  },
  "body": {
    "hunger": 70.0,
    "thirst": 70.0,
    "energy": 100.0,
    "warmth": 50.0,
    "health": 100.0,
    "pain": 0.0,
    "pleasure": 0.0,
    "age": 0.0,
    "x": -39.91573092216272,
    "y": 29.29816752516178
  },
  "emotions": {
    "fear": 0.0,
    "joy": 0.2204448700767485,
    "sadness": 0.0,
    "anger": 0.0,
    "love": 0.0,
    "loneliness": 0.4023807270987209,
    "anxiety": 0.3956698627333571,
    "peace": 0.3,
    "trust": 0.6963748603299822
  },
  "memory": {
    "long_term": [],
    "others": {
      "ser_88281": {
        "first_met": 0,
        "times_met": 1,
        "trust": 0.8,
        "feelings": "parent",
        "memories": []
      },
      "ser_13555": {
        "first_met": 0,
        "times_met": 1,
        "trust": 0.8,
        "feelings": "parent",
        "memories": []
      }
    },
    "traumas": [],
    "happy_memories": []
  },
  "mind": {
    "thought_stream": [
      "...",
      "\u00bfQu\u00e9 es esto?",
      "Existo."
    ],
    "questions": [
      "\u00bfQu\u00e9 soy?",
      "\u00bfD\u00f3nde estoy?"
    ],
    "desires": [],
    "fears": [],
    "self_concept": [],
    "beliefs": {},
    "likes": {}
  }
}