{
  "id": "ser_33421",
  "alive": true,
  "birth_tick": 0,
  "death_tick": null,
  "cause_of_death": null,
  "dna": {
    "metabolism": 0.7735834764781174,
    "pain_sensitivity": 1.4695641536154533,
    "energy_capacity": 1.0287656539616983,
    "warmth_tolerance": 0.7399835985881714,
    "recovery_rate": 1.0353275361714012,
    "baseline_anxiety": 0.25609133452683003,
    "baseline_joy": 0.46990254670771003,
    "emotional_intensity": 0.9863245143608432,
    "emotional_stability": 0.9831835947787824,
    "sociability": 0.34764027545427656,
    "empathy": 0.887097347457031,
    "trust_default": 0.32586734308688137,
    "curiosity": 0.5463277596859565,
    "introspection": 0.5638016077783935,
    "risk_tolerance": 0.21962651763956456,
    "resilience": 0.8149472580212483,
    "death_awareness": 0.44608332397456585,
    "pattern_seeking": 0.6575683439065891,
    "sky_gazing": 0.7874192998638896,
    "earth_grounding": 0.54571107512995,
    "mystical_sense": 0.9117436832876736,
    "analytical_mind": 0.47993871896473633,
    "creative_spirit": 0.26469251949502476
  },
  "body": {
    "hunger": 70.0,
    "thirst": 70.0,
    "energy": 100.0,
    "warmth": 50.0,
    "health": 100.0,
    "pain": 0.0,
    "pleasure": 0.0,
    "age": 0.0,
    "x": -33.59649528704698,
    "y": 23.630107160663083
  },
  "emotions": {
    "fear": 0.0,
    "joy": 0.46990254670771003,
    "sadness": 0.0,
    "anger": 0.0,
    "love": 0.0,
    "loneliness": 0.395707917363717,
    "anxiety": 0.25609133452683003,
    "peace": 0.3,
    "trust": 0.32586734308688137
  },
  "memory": {
    "long_term": [],
    "others": {
      "ser_89796": {
        "first_met": 0,
        "times_met": 1,
        "trust": 0.8,
        "feelings": "parent",
        "memories": []
      },
      "ser_44829": {
        "first_met": 0,
        "times_met": 1,
        "trust": 0.8,
        "feelings": "parent",
        "memories": []
      }
    },
    "traumas": [],
    "happy_memories": []
  },
  "mind": {
    "thought_stream": [
      "...",
      "\u00bfQu\u00e9 es esto?",
      "Existo."
    ],
    "questions": [
      "\u00bfQu\u00e9 soy?",
      "\u00bfD\u00f3nde estoy?"
    ],
    "desires": [],
    "fears": [],
    "self_concept": [],
    "beliefs": {},
    "likes": {}
  }
}