{
  "id": "ser_65264",
  "alive": true,
  "birth_tick": 0,
  "death_tick": null,
  "cause_of_death": null,
  "dna": {
    "metabolism": 0.8857009262267381,
    "pain_sensitivity": 0.5125173374522208,
    "energy_capacity": 0.9627924926726745,
    "warmth_tolerance": 1.0233512580910886,
    "recovery_rate": 1.122608697030942,
    "baseline_anxiety": 0.2883775165184637,
    "baseline_joy": 0.4145155878767677,
    "emotional_intensity": 1.2633509413883708,
    "emotional_stability": 0.9061997174040959,
    "sociability": 0.37226387575043474,
    "empathy": 0.9984839693169978,
    "trust_default": 0.37217745926227164,
    "curiosity": 0.3202829761126514,
    "introspection": 0.4869707212539231,
    "risk_tolerance": 0.5979757649998058,
    "resilience": 0.7741458782329464,
    "death_awareness": 0.5388221868517311,
    "pattern_seeking": 0.3783616574846784,
    "sky_gazing": 0.2348888049273204,
    "earth_grounding": 0.8239529389147553,
    "mystical_sense": 0.2539332716262378,
    "analytical_mind": 0.9374528959040549,
    "creative_spirit": 0.8852503905481781
  },
  "body": {
    "hunger": 70.0,
    "thirst": 70.0,
    "energy": 100.0,
    "warmth": 50.0,
    "health": 100.0,
    "pain": 0.0,
    "pleasure": 0.0,
    "age": 0.0,
    "x": 76.28988320643614,
    "y": 17.21671997150778
  },
  "emotions": {
    "fear": 0.0,
    "joy": 0.4145155878767677,
    "sadness": 0.0,
    "anger": 0.0,
    "love": 0.0,
    "loneliness": 0.3883208372748696,
    "anxiety": 0.2883775165184637,
    "peace": 0.3,
    "trust": 0.37217745926227164
  },
  "memory": {
    "long_term": [],
    "others": {
      "ser_06277": {
        "first_met": 0,
        "times_met": 1,
        "trust": 0.8,
        "feelings": "parent",
        "memories": []
      },
      "ser_19123": {
        "first_met": 0,
        "times_met": 1,
        "trust": 0.8,
        "feelings": "parent",
        "memories": []
      }
    },
    "traumas": [],
    "happy_memories": []
  },
  "mind": {
    "thought_stream": [
      "...",
      "\u00bfQu\u00e9 es esto?",
      "Existo."
    ],
    "questions": [
      "\u00bfQu\u00e9 soy?",
      "\u00bfD\u00f3nde estoy?"
    ],
    "desires": [],
    "fears": [],
    "self_concept": [],
    "beliefs": {},
    "likes": {}
  }
}