{
  "id": "ser_53051",
  "alive": true,
  "birth_tick": 0,
  "death_tick": null,
  "cause_of_death": null,
  "dna": {
    "metabolism": 0.7437559601126804,
    "pain_sensitivity": 0.6662672246219349,
    "energy_capacity": 1.0980551786306054,
    "warmth_tolerance": 0.8712650594373139,
    "recovery_rate": 1.0267346158506896,
    "baseline_anxiety": 0.24691276685532448,
    "baseline_joy": 0.3551855747995679,
    "emotional_intensity": 1.2508469398353652,
    "emotional_stability": 0.6415394883332167,
    "sociability": 0.38163240051662894,
    "empathy": 0.4452573067039174,
    "trust_default": 0.5228643101157939,
    "curiosity": 0.677473110872473,
    "introspection": 0.5240665860120978,
    "risk_tolerance": 0.4579477723098483,
    "resilience": 0.7054033581536544,
    "death_awareness": 0.5312900499779405,
    "pattern_seeking": 0.6324710710762476,
    "sky_gazing": 0.6548051735222088,
    "earth_grounding": 0.2642921084248231,
    "mystical_sense": 0.8260703268224804,
    "analytical_mind": 0.8598509444391425,
    "creative_spirit": 0.40635100898343535
  },
  "body": {
    "hunger": 70.0,
    "thirst": 70.0,
    "energy": 100.0,
    "warmth": 50.0,
    "health": 100.0,
    "pain": 0.0,
    "pleasure": 0.0,
    "age": 0.0,
    "x": 10.554976064133474,
    "y": 40.22514282914607
  },
  "emotions": {
    "fear": 0.0,
    "joy": 0.3551855747995679,
    "sadness": 0.0,
    "anger": 0.0,
    "love": 0.0,
    "loneliness": 0.3855102798450113,
    "anxiety": 0.24691276685532448,
    "peace": 0.3,
    "trust": 0.5228643101157939
  },
  "memory": {
    "long_term": [],
    "others": {
      "ser_07142": {
        "first_met": 0,
        "times_met": 1,
        "trust": 0.8,
        "feelings": "parent",
        "memories": []
      },
      "ser_83475": {
        "first_met": 0,
        "times_met": 1,
        "trust": 0.8,
        "feelings": "parent",
        "memories": []
      }
    },
    "traumas": [],
    "happy_memories": []
  },
  "mind": {
    "thought_stream": [
      "...",
      "\u00bfQu\u00e9 es esto?",
      "Existo."
    ],
    "questions": [
      "\u00bfQu\u00e9 soy?",
      "\u00bfD\u00f3nde estoy?"
    ],
    "desires": [],
    "fears": [],
    "self_concept": [],
    "beliefs": {},
    "likes": {}
  }
}