{
  "id": "ser_43414",
  "alive": true,
  "birth_tick": 0,
  "death_tick": null,
  "cause_of_death": null,
  "dna": {
    "metabolism": 1.010788157250216,
    "pain_sensitivity": 1.471168265111539,
    "energy_capacity": 0.8694953770046991,
    "warmth_tolerance": 0.7757469924283172,
    "recovery_rate": 0.8229309597982046,
    "baseline_anxiety": 0.3956698627333571,
    "baseline_joy": 0.2204448700767485,
    "emotional_intensity": 0.6386001986115839,
    "emotional_stability": 0.7843458044004563,
    "sociability": 0.325397576337597,
    "empathy": 0.35755288556492315,
    "trust_default": 0.3536689263315305,
    "curiosity": 0.9615547938599505,
    "introspection": 0.6650948046924494,
    "risk_tolerance": 0.41130297508623564,
    "resilience": 0.8004984259755188,
    "death_awareness": 0.391769488412106,
    "pattern_seeking": 0.39762801648561735,
    "sky_gazing": 0.26238956183718787,
    "earth_grounding": 0.30613291180131524,
    "mystical_sense": 0.34248272329898405,
    "analytical_mind": 0.2352631401595816,
    "creative_spirit": 0.3102427716539916
  },
  "body": {
    "hunger": 70.0,
    "thirst": 70.0,
    "energy": 100.0,
    "warmth": 50.0,
    "health": 100.0,
    "pain": 0.0,
    "pleasure": 0.0,
    "age": 0.0,
    "x": -40.08873901774458,
    "y": 23.001924440450114
  },
  "emotions": {
    "fear": 0.0,
    "joy": 0.2204448700767485,
    "sadness": 0.0,
    "anger": 0.0,
    "love": 0.0,
    "loneliness": 0.4023807270987209,
    "anxiety": 0.3956698627333571,
    "peace": 0.3,
    "trust": 0.3536689263315305
  },
  "memory": {
    "long_term": [],
    "others": {
      "ser_88281": {
        "first_met": 0,
        "times_met": 1,
        "trust": 0.8,
        "feelings": "parent",
        "memories": []
      },
      "ser_13555": {
        "first_met": 0,
        "times_met": 1,
        "trust": 0.8,
        "feelings": "parent",
        "memories": []
      }
    },
    "traumas": [],
    "happy_memories": []
  },
  "mind": {
    "thought_stream": [
      "...",
      "\u00bfQu\u00e9 es esto?",
      "Existo."
    ],
    "questions": [
      "\u00bfQu\u00e9 soy?",
      "\u00bfD\u00f3nde estoy?"
    ],
    "desires": [],
    "fears": [],
    "self_concept": [],
    "beliefs": {},
    "likes": {}
  }
}