{
  "id": "ser_41006",
  "alive": true,
  "birth_tick": 0,
  "death_tick": null,
  "cause_of_death": null,
  "dna": {
    "metabolism": 0.7735834764781174,
    "pain_sensitivity": 1.4695641536154533,
    "energy_capacity": 1.0287656539616983,
    "warmth_tolerance": 1.0623341941935913,
    "recovery_rate": 1.0353275361714012,
    "baseline_anxiety": 0.26571604073383026,
    "baseline_joy": 0.46990254670771003,
    "emotional_intensity": 1.2361529243479077,
    "emotional_stability": 0.9831835947787824,
    "sociability": 0.3331197605009624,
    "empathy": 0.4896251755343851,
    "trust_default": 0.322547591820802,
    "curiosity": 0.4766321996236868,
    "introspection": 0.5037188384799104,
    "risk_tolerance": 0.66505287088778,
    "resilience": 0.8149472580212483,
    "death_awareness": 0.46219222363023116,
    "pattern_seeking": 0.42235803891470314,
    "sky_gazing": 0.7874192998638896,
    "earth_grounding": 0.3001286789753045,
    "mystical_sense": 0.41945179304991265,
    "analytical_mind": 0.47993871896473633,
    "creative_spirit": 0.45494726550361897
  },
  "body": {
    "hunger": 70.0,
    "thirst": 70.0,
    "energy": 100.0,
    "warmth": 50.0,
    "health": 100.0,
    "pain": 0.0,
    "pleasure": 0.0,
    "age": 0.0,
    "x": -39.067674412516766,
    "y": 28.431163976177384
  },
  "emotions": {
    "fear": 0.0,
    "joy": 0.46990254670771003,
    "sadness": 0.0,
    "anger": 0.0,
    "love": 0.0,
    "loneliness": 0.40006407184971127,
    "anxiety": 0.26571604073383026,
    "peace": 0.3,
    "trust": 0.322547591820802
  },
  "memory": {
    "long_term": [],
    "others": {
      "ser_89796": {
        "first_met": 0,
        "times_met": 1,
        "trust": 0.8,
        "feelings": "parent",
        "memories": []
      },
      "ser_44829": {
        "first_met": 0,
        "times_met": 1,
        "trust": 0.8,
        "feelings": "parent",
        "memories": []
      }
    },
    "traumas": [],
    "happy_memories": []
  },
  "mind": {
    "thought_stream": [
      "...",
      "\u00bfQu\u00e9 es esto?",
      "Existo."
    ],
    "questions": [
      "\u00bfQu\u00e9 soy?",
      "\u00bfD\u00f3nde estoy?"
    ],
    "desires": [],
    "fears": [],
    "self_concept": [],
    "beliefs": {},
    "likes": {}
  }
}