{
  "id": "ser_34328",
  "alive": true,
  "birth_tick": 0,
  "death_tick": null,
  "cause_of_death": null,
  "dna": {
    "metabolism": 1.007029973441592,
    "pain_sensitivity": 0.5305558395527454,
    "energy_capacity": 0.9482113290036835,
    "warmth_tolerance": 1.2711342385539721,
    "recovery_rate": 1.171903498521124,
    "baseline_anxiety": 0.35998631119451363,
    "baseline_joy": 0.41355503137738475,
    "emotional_intensity": 0.7329019864963606,
    "emotional_stability": 0.8746129752501568,
    "sociability": 0.850585793633438,
    "empathy": 0.39990676804235903,
    "trust_default": 0.4584273152946812,
    "curiosity": 0.7580043238988334,
    "introspection": 0.5247564509290515,
    "risk_tolerance": 0.3936182737068626,
    "resilience": 0.6944242888611611,
    "death_awareness": 0.5547744070402554,
    "pattern_seeking": 0.601454924844704,
    "sky_gazing": 0.38688317523336124,
    "earth_grounding": 0.5727498633738338,
    "mystical_sense": 0.49451535997691276,
    "analytical_mind": 0.5517833581742982,
    "creative_spirit": 0.9640602363725164
  },
  "body": {
    "hunger": 70.0,
    "thirst": 70.0,
    "energy": 100.0,
    "warmth": 50.0,
    "health": 100.0,
    "pain": 0.0,
    "pleasure": 0.0,
    "age": 0.0,
    "x": -166.46987461195806,
    "y": -147.27503351365013
  },
  "emotions": {
    "fear": 0.0,
    "joy": 0.41355503137738475,
    "sadness": 0.0,
    "anger": 0.0,
    "love": 0.0,
    "loneliness": 0.2448242619099686,
    "anxiety": 0.35998631119451363,
    "peace": 0.3,
    "trust": 0.4584273152946812
  },
  "memory": {
    "long_term": [],
    "others": {
      "ser_48530": {
        "first_met": 0,
        "times_met": 1,
        "trust": 0.8,
        "feelings": "parent",
        "memories": []
      },
      "ser_36673": {
        "first_met": 0,
        "times_met": 1,
        "trust": 0.8,
        "feelings": "parent",
        "memories": []
      }
    },
    "traumas": [],
    "happy_memories": []
  },
  "mind": {
    "thought_stream": [
      "...",
      "\u00bfQu\u00e9 es esto?",
      "Existo."
    ],
    "questions": [
      "\u00bfQu\u00e9 soy?",
      "\u00bfD\u00f3nde estoy?"
    ],
    "desires": [],
    "fears": [],
    "self_concept": [],
    "beliefs": {},
    "likes": {}
  }
}