{
  "id": "ser_99754",
  "alive": true,
  "birth_tick": 0,
  "death_tick": null,
  "cause_of_death": null,
  "dna": {
    "metabolism": 0.8581482754689796,
    "pain_sensitivity": 0.6662672246219349,
    "energy_capacity": 1.0980551786306054,
    "warmth_tolerance": 1.1487866330471594,
    "recovery_rate": 0.8366496754974969,
    "baseline_anxiety": 0.24691276685532448,
    "baseline_joy": 0.22848073887872894,
    "emotional_intensity": 1.2508469398353652,
    "emotional_stability": 0.8455976461590793,
    "sociability": 0.7251266843619615,
    "empathy": 0.30139131311844486,
    "trust_default": 0.6266678346221581,
    "curiosity": 0.9254547901696661,
    "introspection": 0.6447388174456545,
    "risk_tolerance": 0.4579477723098483,
    "resilience": 0.6196717890271685,
    "death_awareness": 0.6926220688344209,
    "pattern_seeking": 0.6324710710762476,
    "sky_gazing": 0.6548051735222088,
    "earth_grounding": 0.6743428485002417,
    "mystical_sense": 0.8260703268224804,
    "analytical_mind": 0.6935218010091815,
    "creative_spirit": 0.5674790967009293
  },
  "body": {
    "hunger": 70.0,
    "thirst": 70.0,
    "energy": 100.0,
    "warmth": 50.0,
    "health": 100.0,
    "pain": 0.0,
    "pleasure": 0.0,
    "age": 0.0,
    "x": 14.99438386488249,
    "y": 48.36377382932837
  },
  "emotions": {
    "fear": 0.0,
    "joy": 0.22848073887872894,
    "sadness": 0.0,
    "anger": 0.0,
    "love": 0.0,
    "loneliness": 0.28246199469141153,
    "anxiety": 0.24691276685532448,
    "peace": 0.3,
    "trust": 0.6266678346221581
  },
  "memory": {
    "long_term": [],
    "others": {
      "ser_16470": {
        "first_met": 0,
        "times_met": 1,
        "trust": 0.8,
        "feelings": "parent",
        "memories": []
      },
      "ser_85269": {
        "first_met": 0,
        "times_met": 1,
        "trust": 0.8,
        "feelings": "parent",
        "memories": []
      }
    },
    "traumas": [],
    "happy_memories": []
  },
  "mind": {
    "thought_stream": [
      "...",
      "\u00bfQu\u00e9 es esto?",
      "Existo."
    ],
    "questions": [
      "\u00bfQu\u00e9 soy?",
      "\u00bfD\u00f3nde estoy?"
    ],
    "desires": [],
    "fears": [],
    "self_concept": [],
    "beliefs": {},
    "likes": {}
  }
}