{
  "id": "ser_93953",
  "alive": true,
  "birth_tick": 0,
  "death_tick": null,
  "cause_of_death": null,
  "dna": {
    "metabolism": 0.9142031917326344,
    "pain_sensitivity": 1.4695641536154533,
    "energy_capacity": 0.8694953770046991,
    "warmth_tolerance": 0.8778475586329956,
    "recovery_rate": 1.1303417089532575,
    "baseline_anxiety": 0.11396863565432619,
    "baseline_joy": 0.41360538370365285,
    "emotional_intensity": 1.3382168718575496,
    "emotional_stability": 0.516109184212568,
    "sociability": 0.34764027545427656,
    "empathy": 0.887097347457031,
    "trust_default": 0.322547591820802,
    "curiosity": 0.553024503606866,
    "introspection": 0.498602309869743,
    "risk_tolerance": 0.21962651763956456,
    "resilience": 0.8423933797082408,
    "death_awareness": 0.46219222363023116,
    "pattern_seeking": 0.2056196475564187,
    "sky_gazing": 0.7874192998638896,
    "earth_grounding": 0.54571107512995,
    "mystical_sense": 0.9117436832876736,
    "analytical_mind": 0.4200695855917146,
    "creative_spirit": 0.26469251949502476
  },
  "body": {
    "hunger": 70.0,
    "thirst": 70.0,
    "energy": 100.0,
    "warmth": 50.0,
    "health": 100.0,
    "pain": 0.0,
    "pleasure": 0.0,
    "age": 0.0,
    "x": -41.44729871638167,
    "y": 19.397692874103704
  },
  "emotions": {
    "fear": 0.0,
    "joy": 0.41360538370365285,
    "sadness": 0.0,
    "anger": 0.0,
    "love": 0.0,
    "loneliness": 0.395707917363717,
    "anxiety": 0.11396863565432619,
    "peace": 0.3,
    "trust": 0.322547591820802
  },
  "memory": {
    "long_term": [],
    "others": {
      "ser_89796": {
        "first_met": 0,
        "times_met": 1,
        "trust": 0.8,
        "feelings": "parent",
        "memories": []
      },
      "ser_44829": {
        "first_met": 0,
        "times_met": 1,
        "trust": 0.8,
        "feelings": "parent",
        "memories": []
      }
    },
    "traumas": [],
    "happy_memories": []
  },
  "mind": {
    "thought_stream": [
      "...",
      "\u00bfQu\u00e9 es esto?",
      "Existo."
    ],
    "questions": [
      "\u00bfQu\u00e9 soy?",
      "\u00bfD\u00f3nde estoy?"
    ],
    "desires": [],
    "fears": [],
    "self_concept": [],
    "beliefs": {},
    "likes": {}
  }
}