{
  "id": "ser_43425",
  "alive": true,
  "birth_tick": 0,
  "death_tick": null,
  "cause_of_death": null,
  "dna": {
    "metabolism": 1.007029973441592,
    "pain_sensitivity": 1.0310232504908332,
    "energy_capacity": 0.9482113290036835,
    "warmth_tolerance": 1.2711342385539721,
    "recovery_rate": 1.1086280105690076,
    "baseline_anxiety": 0.35998631119451363,
    "baseline_joy": 0.41355503137738475,
    "emotional_intensity": 0.6191909611165745,
    "emotional_stability": 0.8746129752501568,
    "sociability": 0.850585793633438,
    "empathy": 0.39990676804235903,
    "trust_default": 0.3651858465499731,
    "curiosity": 0.865806475155261,
    "introspection": 0.4728188761435188,
    "risk_tolerance": 0.7449332019091646,
    "resilience": 0.7125895775345257,
    "death_awareness": 0.5207445578460717,
    "pattern_seeking": 0.601454924844704,
    "sky_gazing": 0.38688317523336124,
    "earth_grounding": 0.5727498633738338,
    "mystical_sense": 0.1642144026143318,
    "analytical_mind": 0.5867302294711867,
    "creative_spirit": 0.6362284760268319
  },
  "body": {
    "hunger": 70.0,
    "thirst": 70.0,
    "energy": 100.0,
    "warmth": 50.0,
    "health": 100.0,
    "pain": 0.0,
    "pleasure": 0.0,
    "age": 0.0,
    "x": -166.76491560500068,
    "y": -148.4324754567715
  },
  "emotions": {
    "fear": 0.0,
    "joy": 0.41355503137738475,
    "sadness": 0.0,
    "anger": 0.0,
    "love": 0.0,
    "loneliness": 0.2448242619099686,
    "anxiety": 0.35998631119451363,
    "peace": 0.3,
    "trust": 0.3651858465499731
  },
  "memory": {
    "long_term": [],
    "others": {
      "ser_48530": {
        "first_met": 0,
        "times_met": 1,
        "trust": 0.8,
        "feelings": "parent",
        "memories": []
      },
      "ser_36673": {
        "first_met": 0,
        "times_met": 1,
        "trust": 0.8,
        "feelings": "parent",
        "memories": []
      }
    },
    "traumas": [],
    "happy_memories": []
  },
  "mind": {
    "thought_stream": [
      "...",
      "\u00bfQu\u00e9 es esto?",
      "Existo."
    ],
    "questions": [
      "\u00bfQu\u00e9 soy?",
      "\u00bfD\u00f3nde estoy?"
    ],
    "desires": [],
    "fears": [],
    "self_concept": [],
    "beliefs": {},
    "likes": {}
  }
}