{
  "id": "ser_24416",
  "alive": true,
  "birth_tick": 0,
  "death_tick": null,
  "cause_of_death": null,
  "dna": {
    "metabolism": 0.9142031917326344,
    "pain_sensitivity": 1.3889386625168043,
    "energy_capacity": 0.9461112817056512,
    "warmth_tolerance": 1.0420687100284782,
    "recovery_rate": 1.0353275361714012,
    "baseline_anxiety": 0.06907871733690137,
    "baseline_joy": 0.41360538370365285,
    "emotional_intensity": 0.9863245143608432,
    "emotional_stability": 0.9965206619234978,
    "sociability": 0.5341928771215974,
    "empathy": 0.887097347457031,
    "trust_default": 0.35923577643564975,
    "curiosity": 0.3668338956685652,
    "introspection": 0.623086344581515,
    "risk_tolerance": 0.66505287088778,
    "resilience": 0.8149472580212483,
    "death_awareness": 0.23608712151975902,
    "pattern_seeking": 0.635162749473986,
    "sky_gazing": 0.26238956183718787,
    "earth_grounding": 0.22568632369379343,
    "mystical_sense": 0.41945179304991265,
    "analytical_mind": 0.4200695855917146,
    "creative_spirit": 0.45494726550361897
  },
  "body": {
    "hunger": 70.0,
    "thirst": 70.0,
    "energy": 100.0,
    "warmth": 50.0,
    "health": 100.0,
    "pain": 0.0,
    "pleasure": 0.0,
    "age": 0.0,
    "x": -38.356571422594925,
    "y": 21.628159779037844
  },
  "emotions": {
    "fear": 0.0,
    "joy": 0.41360538370365285,
    "sadness": 0.0,
    "anger": 0.0,
    "love": 0.0,
    "loneliness": 0.33974213686352084,
    "anxiety": 0.06907871733690137,
    "peace": 0.3,
    "trust": 0.35923577643564975
  },
  "memory": {
    "long_term": [],
    "others": {
      "ser_76266": {
        "first_met": 0,
        "times_met": 1,
        "trust": 0.8,
        "feelings": "parent",
        "memories": []
      },
      "ser_09277": {
        "first_met": 0,
        "times_met": 1,
        "trust": 0.8,
        "feelings": "parent",
        "memories": []
      }
    },
    "traumas": [],
    "happy_memories": []
  },
  "mind": {
    "thought_stream": [
      "...",
      "\u00bfQu\u00e9 es esto?",
      "Existo."
    ],
    "questions": [
      "\u00bfQu\u00e9 soy?",
      "\u00bfD\u00f3nde estoy?"
    ],
    "desires": [],
    "fears": [],
    "self_concept": [],
    "beliefs": {},
    "likes": {}
  }
}