{
  "id": "ser_22848",
  "alive": true,
  "birth_tick": 0,
  "death_tick": null,
  "cause_of_death": null,
  "dna": {
    "metabolism": 1.2181139216454255,
    "pain_sensitivity": 1.4695641536154533,
    "energy_capacity": 0.8621564567075182,
    "warmth_tolerance": 1.186254382335203,
    "recovery_rate": 0.7279352318495191,
    "baseline_anxiety": 0.10609971373751274,
    "baseline_joy": 0.3659465329782387,
    "emotional_intensity": 1.1307800280755473,
    "emotional_stability": 0.9831835947787824,
    "sociability": 0.5951038028860061,
    "empathy": 0.8298074307370316,
    "trust_default": 0.4812039472499574,
    "curiosity": 0.4766321996236868,
    "introspection": 0.623086344581515,
    "risk_tolerance": 0.66505287088778,
    "resilience": 0.7116765281736255,
    "death_awareness": 0.23608712151975902,
    "pattern_seeking": 0.635162749473986,
    "sky_gazing": 0.17681856752060765,
    "earth_grounding": 0.22951860410898153,
    "mystical_sense": 0.7712837322556029,
    "analytical_mind": 0.47044810808263005,
    "creative_spirit": 0.5971312684573695
  },
  "body": {
    "hunger": 70.0,
    "thirst": 70.0,
    "energy": 100.0,
    "warmth": 50.0,
    "health": 100.0,
    "pain": 0.0,
    "pleasure": 0.0,
    "age": 0.0,
    "x": -39.60899779820956,
    "y": 25.581198967998073
  },
  "emotions": {
    "fear": 0.0,
    "joy": 0.3659465329782387,
    "sadness": 0.0,
    "anger": 0.0,
    "love": 0.0,
    "loneliness": 0.3214688591341982,
    "anxiety": 0.10609971373751274,
    "peace": 0.3,
    "trust": 0.4812039472499574
  },
  "memory": {
    "long_term": [],
    "others": {
      "ser_98954": {
        "first_met": 0,
        "times_met": 1,
        "trust": 0.8,
        "feelings": "parent",
        "memories": []
      },
      "ser_39004": {
        "first_met": 0,
        "times_met": 1,
        "trust": 0.8,
        "feelings": "parent",
        "memories": []
      }
    },
    "traumas": [],
    "happy_memories": []
  },
  "mind": {
    "thought_stream": [
      "...",
      "\u00bfQu\u00e9 es esto?",
      "Existo."
    ],
    "questions": [
      "\u00bfQu\u00e9 soy?",
      "\u00bfD\u00f3nde estoy?"
    ],
    "desires": [],
    "fears": [],
    "self_concept": [],
    "beliefs": {},
    "likes": {}
  }
}