{
  "id": "ser_76584",
  "alive": true,
  "birth_tick": 0,
  "death_tick": null,
  "cause_of_death": null,
  "dna": {
    "metabolism": 1.1153291089619808,
    "pain_sensitivity": 0.5305558395527454,
    "energy_capacity": 0.9732569047537665,
    "warmth_tolerance": 1.1283818492364701,
    "recovery_rate": 1.1086280105690076,
    "baseline_anxiety": 0.2957567703830066,
    "baseline_joy": 0.49195543065839803,
    "emotional_intensity": 0.7329019864963606,
    "emotional_stability": 0.8746129752501568,
    "sociability": 0.6549005551916873,
    "empathy": 0.7974456082395305,
    "trust_default": 0.6145011519625228,
    "curiosity": 0.8860020592485405,
    "introspection": 0.4728188761435188,
    "risk_tolerance": 0.3936182737068626,
    "resilience": 0.6883856927232771,
    "death_awareness": 0.4850271543834448,
    "pattern_seeking": 0.601454924844704,
    "sky_gazing": 0.38688317523336124,
    "earth_grounding": 0.9994246616251895,
    "mystical_sense": 0.1642144026143318,
    "analytical_mind": 0.7321263995027707,
    "creative_spirit": 0.6362284760268319
  },
  "body": {
    "hunger": 70.0,
    "thirst": 70.0,
    "energy": 100.0,
    "warmth": 50.0,
    "health": 100.0,
    "pain": 0.0,
    "pleasure": 0.0,
    "age": 0.0,
    "x": -170.5393611366414,
    "y": -154.02603768565987
  },
  "emotions": {
    "fear": 0.0,
    "joy": 0.49195543065839803,
    "sadness": 0.0,
    "anger": 0.0,
    "love": 0.0,
    "loneliness": 0.30352983344249385,
    "anxiety": 0.2957567703830066,
    "peace": 0.3,
    "trust": 0.6145011519625228
  },
  "memory": {
    "long_term": [],
    "others": {
      "ser_36673": {
        "first_met": 0,
        "times_met": 1,
        "trust": 0.8,
        "feelings": "parent",
        "memories": []
      },
      "ser_48530": {
        "first_met": 0,
        "times_met": 1,
        "trust": 0.8,
        "feelings": "parent",
        "memories": []
      }
    },
    "traumas": [],
    "happy_memories": []
  },
  "mind": {
    "thought_stream": [
      "...",
      "\u00bfQu\u00e9 es esto?",
      "Existo."
    ],
    "questions": [
      "\u00bfQu\u00e9 soy?",
      "\u00bfD\u00f3nde estoy?"
    ],
    "desires": [],
    "fears": [],
    "self_concept": [],
    "beliefs": {},
    "likes": {}
  }
}