{
  "id": "ser_71401",
  "alive": true,
  "birth_tick": 0,
  "death_tick": null,
  "cause_of_death": null,
  "dna": {
    "metabolism": 0.7667930043809921,
    "pain_sensitivity": 0.6495487903564433,
    "energy_capacity": 1.0980551786306054,
    "warmth_tolerance": 1.2003931752190005,
    "recovery_rate": 0.8366496754974969,
    "baseline_anxiety": 0.18481580197079692,
    "baseline_joy": 0.22848073887872894,
    "emotional_intensity": 1.2508469398353652,
    "emotional_stability": 0.8288182300167032,
    "sociability": 0.6319402516774079,
    "empathy": 0.4726716818584197,
    "trust_default": 0.49689059761676685,
    "curiosity": 0.3698571540960265,
    "introspection": 0.46212364285239793,
    "risk_tolerance": 0.3705766833118135,
    "resilience": 0.6196717890271685,
    "death_awareness": 0.6926220688344209,
    "pattern_seeking": 0.6324710710762476,
    "sky_gazing": 0.8256287835127241,
    "earth_grounding": 0.6743428485002417,
    "mystical_sense": 0.8260703268224804,
    "analytical_mind": 0.6935218010091815,
    "creative_spirit": 0.40635100898343535
  },
  "body": {
    "hunger": 70.0,
    "thirst": 70.0,
    "energy": 100.0,
    "warmth": 50.0,
    "health": 100.0,
    "pain": 0.0,
    "pleasure": 0.0,
    "age": 0.0,
    "x": 10.933124267113435,
    "y": 46.34932863831058
  },
  "emotions": {
    "fear": 0.0,
    "joy": 0.22848073887872894,
    "sadness": 0.0,
    "anger": 0.0,
    "love": 0.0,
    "loneliness": 0.31041792449677763,
    "anxiety": 0.18481580197079692,
    "peace": 0.3,
    "trust": 0.49689059761676685
  },
  "memory": {
    "long_term": [],
    "others": {
      "ser_22599": {
        "first_met": 0,
        "times_met": 1,
        "trust": 0.8,
        "feelings": "parent",
        "memories": []
      },
      "ser_85269": {
        "first_met": 0,
        "times_met": 1,
        "trust": 0.8,
        "feelings": "parent",
        "memories": []
      }
    },
    "traumas": [],
    "happy_memories": []
  },
  "mind": {
    "thought_stream": [
      "...",
      "\u00bfQu\u00e9 es esto?",
      "Existo."
    ],
    "questions": [
      "\u00bfQu\u00e9 soy?",
      "\u00bfD\u00f3nde estoy?"
    ],
    "desires": [],
    "fears": [],
    "self_concept": [],
    "beliefs": {},
    "likes": {}
  }
}