{
  "id": "ser_24151",
  "alive": true,
  "birth_tick": 0,
  "death_tick": null,
  "cause_of_death": null,
  "dna": {
    "metabolism": 0.7735834764781174,
    "pain_sensitivity": 1.4695641536154533,
    "energy_capacity": 0.8694953770046991,
    "warmth_tolerance": 0.7399835985881714,
    "recovery_rate": 1.0532335491142486,
    "baseline_anxiety": 0.11396863565432619,
    "baseline_joy": 0.512688326864255,
    "emotional_intensity": 1.1236530884307703,
    "emotional_stability": 0.9831835947787824,
    "sociability": 0.34764027545427656,
    "empathy": 0.887097347457031,
    "trust_default": 0.322547591820802,
    "curiosity": 0.45924086192606617,
    "introspection": 0.5236984103268046,
    "risk_tolerance": 0.66505287088778,
    "resilience": 0.8595902213968123,
    "death_awareness": 0.2767741938040001,
    "pattern_seeking": 0.6575683439065891,
    "sky_gazing": 0.7874192998638896,
    "earth_grounding": 0.54571107512995,
    "mystical_sense": 0.9117436832876736,
    "analytical_mind": 0.47993871896473633,
    "creative_spirit": 0.45494726550361897
  },
  "body": {
    "hunger": 70.0,
    "thirst": 70.0,
    "energy": 100.0,
    "warmth": 50.0,
    "health": 100.0,
    "pain": 0.0,
    "pleasure": 0.0,
    "age": 0.0,
    "x": -33.92152944820181,
    "y": 22.53338082895484
  },
  "emotions": {
    "fear": 0.0,
    "joy": 0.512688326864255,
    "sadness": 0.0,
    "anger": 0.0,
    "love": 0.0,
    "loneliness": 0.395707917363717,
    "anxiety": 0.11396863565432619,
    "peace": 0.3,
    "trust": 0.322547591820802
  },
  "memory": {
    "long_term": [],
    "others": {
      "ser_89796": {
        "first_met": 0,
        "times_met": 1,
        "trust": 0.8,
        "feelings": "parent",
        "memories": []
      },
      "ser_44829": {
        "first_met": 0,
        "times_met": 1,
        "trust": 0.8,
        "feelings": "parent",
        "memories": []
      }
    },
    "traumas": [],
    "happy_memories": []
  },
  "mind": {
    "thought_stream": [
      "...",
      "\u00bfQu\u00e9 es esto?",
      "Existo."
    ],
    "questions": [
      "\u00bfQu\u00e9 soy?",
      "\u00bfD\u00f3nde estoy?"
    ],
    "desires": [],
    "fears": [],
    "self_concept": [],
    "beliefs": {},
    "likes": {}
  }
}