{
  "id": "ser_02920",
  "alive": true,
  "birth_tick": 0,
  "death_tick": null,
  "cause_of_death": null,
  "dna": {
    "metabolism": 1.2181139216454255,
    "pain_sensitivity": 1.5,
    "energy_capacity": 0.8694953770046991,
    "warmth_tolerance": 1.186254382335203,
    "recovery_rate": 1.0353275361714012,
    "baseline_anxiety": 0.34497511528467206,
    "baseline_joy": 0.2941475476553437,
    "emotional_intensity": 1.3809497021443258,
    "emotional_stability": 0.9965206619234978,
    "sociability": 0.7568894688357908,
    "empathy": 0.35755288556492315,
    "trust_default": 0.41857596040392386,
    "curiosity": 0.3668338956685652,
    "introspection": 0.491115630266277,
    "risk_tolerance": 0.66505287088778,
    "resilience": 0.8149472580212483,
    "death_awareness": 0.23608712151975902,
    "pattern_seeking": 0.6575683439065891,
    "sky_gazing": 0.26238956183718787,
    "earth_grounding": 0.22568632369379343,
    "mystical_sense": 0.7712837322556029,
    "analytical_mind": 0.29180031283846625,
    "creative_spirit": 0.5971312684573695
  },
  "body": {
    "hunger": 70.0,
    "thirst": 70.0,
    "energy": 100.0,
    "warmth": 50.0,
    "health": 100.0,
    "pain": 0.0,
    "pleasure": 0.0,
    "age": 0.0,
    "x": -40.293587793330225,
    "y": 27.724404201056945
  },
  "emotions": {
    "fear": 0.0,
    "joy": 0.2941475476553437,
    "sadness": 0.0,
    "anger": 0.0,
    "love": 0.0,
    "loneliness": 0.27293315934926277,
    "anxiety": 0.34497511528467206,
    "peace": 0.3,
    "trust": 0.41857596040392386
  },
  "memory": {
    "long_term": [],
    "others": {
      "ser_13555": {
        "first_met": 0,
        "times_met": 1,
        "trust": 0.8,
        "feelings": "parent",
        "memories": []
      },
      "ser_09277": {
        "first_met": 0,
        "times_met": 1,
        "trust": 0.8,
        "feelings": "parent",
        "memories": []
      }
    },
    "traumas": [],
    "happy_memories": []
  },
  "mind": {
    "thought_stream": [
      "...",
      "\u00bfQu\u00e9 es esto?",
      "Existo."
    ],
    "questions": [
      "\u00bfQu\u00e9 soy?",
      "\u00bfD\u00f3nde estoy?"
    ],
    "desires": [],
    "fears": [],
    "self_concept": [],
    "beliefs": {},
    "likes": {}
  }
}