{
  "id": "ser_38689",
  "alive": true,
  "birth_tick": 0,
  "death_tick": null,
  "cause_of_death": null,
  "dna": {
    "metabolism": 1.2194868524597087,
    "pain_sensitivity": 1.2898512922308085,
    "energy_capacity": 1.1675631508057154,
    "warmth_tolerance": 0.9911346504072955,
    "recovery_rate": 1.0190352927553672,
    "baseline_anxiety": 0.028501196738311085,
    "baseline_joy": 0.37333798572319743,
    "emotional_intensity": 0.8944670403011825,
    "emotional_stability": 0.6443804879766493,
    "sociability": 0.8485905524249879,
    "empathy": 0.6548209282232234,
    "trust_default": 0.5952283268506211,
    "curiosity": 0.8567550266697177,
    "introspection": 0.7123244293981739,
    "risk_tolerance": 0.6217049450455896,
    "resilience": 0.693716877612137,
    "death_awareness": 0.5950410433463799,
    "pattern_seeking": 0.41812919642329605,
    "sky_gazing": 0.13625036360681575,
    "earth_grounding": 0.4891556281507476,
    "mystical_sense": 0.7086484772645023,
    "analytical_mind": 0.6845503034337168,
    "creative_spirit": 0.8215123516594562
  },
  "body": {
    "hunger": 70.0,
    "thirst": 70.0,
    "energy": 100.0,
    "warmth": 50.0,
    "health": 100.0,
    "pain": 0.0,
    "pleasure": 0.0,
    "age": 0.0,
    "x": 18.68285224678019,
    "y": -12.265181890207616
  },
  "emotions": {
    "fear": 0.0,
    "joy": 0.37333798572319743,
    "sadness": 0.0,
    "anger": 0.0,
    "love": 0.0,
    "loneliness": 0.2454228342725036,
    "anxiety": 0.028501196738311085,
    "peace": 0.3,
    "trust": 0.5952283268506211
  },
  "memory": {
    "long_term": [],
    "others": {
      "ser_30674": {
        "first_met": 0,
        "times_met": 1,
        "trust": 0.8,
        "feelings": "parent",
        "memories": []
      },
      "ser_05737": {
        "first_met": 0,
        "times_met": 1,
        "trust": 0.8,
        "feelings": "parent",
        "memories": []
      }
    },
    "traumas": [],
    "happy_memories": []
  },
  "mind": {
    "thought_stream": [
      "...",
      "\u00bfQu\u00e9 es esto?",
      "Existo."
    ],
    "questions": [
      "\u00bfQu\u00e9 soy?",
      "\u00bfD\u00f3nde estoy?"
    ],
    "desires": [],
    "fears": [],
    "self_concept": [],
    "beliefs": {},
    "likes": {}
  }
}