{
  "id": "ser_88617",
  "alive": true,
  "birth_tick": 0,
  "death_tick": null,
  "cause_of_death": null,
  "dna": {
    "metabolism": 1.010788157250216,
    "pain_sensitivity": 1.471168265111539,
    "energy_capacity": 0.9748076533105757,
    "warmth_tolerance": 1.186254382335203,
    "recovery_rate": 0.8229309597982046,
    "baseline_anxiety": 0.34497511528467206,
    "baseline_joy": 0.2204448700767485,
    "emotional_intensity": 1.0971105799227845,
    "emotional_stability": 0.5274920638403442,
    "sociability": 0.6255326708353826,
    "empathy": 0.9304492728991636,
    "trust_default": 0.3536689263315305,
    "curiosity": 0.9615547938599505,
    "introspection": 0.6813922383846456,
    "risk_tolerance": 0.4947898150224093,
    "resilience": 0.7116765281736255,
    "death_awareness": 0.391769488412106,
    "pattern_seeking": 0.39762801648561735,
    "sky_gazing": 0.3900319466946744,
    "earth_grounding": 0.22951860410898153,
    "mystical_sense": 0.34248272329898405,
    "analytical_mind": 0.2352631401595816,
    "creative_spirit": 0.3102427716539916
  },
  "body": {
    "hunger": 70.0,
    "thirst": 70.0,
    "energy": 100.0,
    "warmth": 50.0,
    "health": 100.0,
    "pain": 0.0,
    "pleasure": 0.0,
    "age": 0.0,
    "x": -39.168657782877965,
    "y": 25.647540849272417
  },
  "emotions": {
    "fear": 0.0,
    "joy": 0.2204448700767485,
    "sadness": 0.0,
    "anger": 0.0,
    "love": 0.0,
    "loneliness": 0.31234019874938523,
    "anxiety": 0.34497511528467206,
    "peace": 0.3,
    "trust": 0.3536689263315305
  },
  "memory": {
    "long_term": [],
    "others": {
      "ser_88281": {
        "first_met": 0,
        "times_met": 1,
        "trust": 0.8,
        "feelings": "parent",
        "memories": []
      },
      "ser_13555": {
        "first_met": 0,
        "times_met": 1,
        "trust": 0.8,
        "feelings": "parent",
        "memories": []
      }
    },
    "traumas": [],
    "happy_memories": []
  },
  "mind": {
    "thought_stream": [
      "...",
      "\u00bfQu\u00e9 es esto?",
      "Existo."
    ],
    "questions": [
      "\u00bfQu\u00e9 soy?",
      "\u00bfD\u00f3nde estoy?"
    ],
    "desires": [],
    "fears": [],
    "self_concept": [],
    "beliefs": {},
    "likes": {}
  }
}