{
  "id": "ser_54365",
  "alive": true,
  "birth_tick": 0,
  "death_tick": null,
  "cause_of_death": null,
  "dna": {
    "metabolism": 1.2181139216454255,
    "pain_sensitivity": 1.471168265111539,
    "energy_capacity": 0.8515616002289503,
    "warmth_tolerance": 0.7541773077945982,
    "recovery_rate": 0.9930207316765817,
    "baseline_anxiety": 0.3956698627333571,
    "baseline_joy": 0.34314154452545187,
    "emotional_intensity": 0.6386001986115839,
    "emotional_stability": 0.9965206619234978,
    "sociability": 0.6402314688659457,
    "empathy": 0.35755288556492315,
    "trust_default": 0.44791464468558867,
    "curiosity": 0.3668338956685652,
    "introspection": 0.6650948046924494,
    "risk_tolerance": 0.66505287088778,
    "resilience": 0.7116765281736255,
    "death_awareness": 0.23608712151975902,
    "pattern_seeking": 0.6575683439065891,
    "sky_gazing": 0.17681856752060765,
    "earth_grounding": 0.3911876255594537,
    "mystical_sense": 0.34248272329898405,
    "analytical_mind": 0.3222361997647329,
    "creative_spirit": 0.45494726550361897
  },
  "body": {
    "hunger": 70.0,
    "thirst": 70.0,
    "energy": 100.0,
    "warmth": 50.0,
    "health": 100.0,
    "pain": 0.0,
    "pleasure": 0.0,
    "age": 0.0,
    "x": -12.657810758751701,
    "y": 31.15127070266582
  },
  "emotions": {
    "fear": 0.0,
    "joy": 0.34314154452545187,
    "sadness": 0.0,
    "anger": 0.0,
    "love": 0.0,
    "loneliness": 0.3079305593402163,
    "anxiety": 0.3956698627333571,
    "peace": 0.3,
    "trust": 0.44791464468558867
  },
  "memory": {
    "long_term": [],
    "others": {
      "ser_88281": {
        "first_met": 0,
        "times_met": 1,
        "trust": 0.8,
        "feelings": "parent",
        "memories": []
      },
      "ser_12773": {
        "first_met": 0,
        "times_met": 1,
        "trust": 0.8,
        "feelings": "parent",
        "memories": []
      }
    },
    "traumas": [],
    "happy_memories": []
  },
  "mind": {
    "thought_stream": [
      "...",
      "\u00bfQu\u00e9 es esto?",
      "Existo."
    ],
    "questions": [
      "\u00bfQu\u00e9 soy?",
      "\u00bfD\u00f3nde estoy?"
    ],
    "desires": [],
    "fears": [],
    "self_concept": [],
    "beliefs": {},
    "likes": {}
  }
}