{
  "id": "ser_76825",
  "alive": true,
  "birth_tick": 0,
  "death_tick": null,
  "cause_of_death": null,
  "dna": {
    "metabolism": 0.8411124056727337,
    "pain_sensitivity": 0.6662672246219349,
    "energy_capacity": 1.0980551786306054,
    "warmth_tolerance": 1.2021825079483344,
    "recovery_rate": 1.0267346158506896,
    "baseline_anxiety": 0.10635875444908849,
    "baseline_joy": 0.22848073887872894,
    "emotional_intensity": 0.6666773693148338,
    "emotional_stability": 0.8629257476618787,
    "sociability": 0.7251266843619615,
    "empathy": 0.33509220404459794,
    "trust_default": 0.5106099211420904,
    "curiosity": 0.6021708424480429,
    "introspection": 0.7519296181217114,
    "risk_tolerance": 0.3705766833118135,
    "resilience": 0.712491816164031,
    "death_awareness": 0.6926220688344209,
    "pattern_seeking": 0.2514925007059919,
    "sky_gazing": 0.6593349480496672,
    "earth_grounding": 0.3880990495585844,
    "mystical_sense": 0.8260703268224804,
    "analytical_mind": 0.6935218010091815,
    "creative_spirit": 0.5233741932019795
  },
  "body": {
    "hunger": 70.0,
    "thirst": 70.0,
    "energy": 100.0,
    "warmth": 50.0,
    "health": 100.0,
    "pain": 0.0,
    "pleasure": 0.0,
    "age": 0.0,
    "x": 12.973813593320468,
    "y": 42.12399679969442
  },
  "emotions": {
    "fear": 0.0,
    "joy": 0.22848073887872894,
    "sadness": 0.0,
    "anger": 0.0,
    "love": 0.0,
    "loneliness": 0.28246199469141153,
    "anxiety": 0.10635875444908849,
    "peace": 0.3,
    "trust": 0.5106099211420904
  },
  "memory": {
    "long_term": [],
    "others": {
      "ser_18489": {
        "first_met": 0,
        "times_met": 1,
        "trust": 0.8,
        "feelings": "parent",
        "memories": []
      },
      "ser_85269": {
        "first_met": 0,
        "times_met": 1,
        "trust": 0.8,
        "feelings": "parent",
        "memories": []
      }
    },
    "traumas": [],
    "happy_memories": []
  },
  "mind": {
    "thought_stream": [
      "...",
      "\u00bfQu\u00e9 es esto?",
      "Existo."
    ],
    "questions": [
      "\u00bfQu\u00e9 soy?",
      "\u00bfD\u00f3nde estoy?"
    ],
    "desires": [],
    "fears": [],
    "self_concept": [],
    "beliefs": {},
    "likes": {}
  }
}