{
  "id": "ser_37632",
  "alive": true,
  "birth_tick": 0,
  "death_tick": null,
  "cause_of_death": null,
  "dna": {
    "metabolism": 0.9142031917326344,
    "pain_sensitivity": 1.4695641536154533,
    "energy_capacity": 0.8694953770046991,
    "warmth_tolerance": 0.7541773077945982,
    "recovery_rate": 0.828118436835378,
    "baseline_anxiety": 0.34497511528467206,
    "baseline_joy": 0.41360538370365285,
    "emotional_intensity": 0.9863245143608432,
    "emotional_stability": 0.9831835947787824,
    "sociability": 0.3331197605009624,
    "empathy": 0.887097347457031,
    "trust_default": 0.3536689263315305,
    "curiosity": 0.4387008535260976,
    "introspection": 0.5236984103268046,
    "risk_tolerance": 0.66505287088778,
    "resilience": 0.8149472580212483,
    "death_awareness": 0.391769488412106,
    "pattern_seeking": 0.635162749473986,
    "sky_gazing": 0.17681856752060765,
    "earth_grounding": 0.22568632369379343,
    "mystical_sense": 0.41945179304991265,
    "analytical_mind": 0.3222361997647329,
    "creative_spirit": 0.45494726550361897
  },
  "body": {
    "hunger": 70.0,
    "thirst": 70.0,
    "energy": 100.0,
    "warmth": 50.0,
    "health": 100.0,
    "pain": 0.0,
    "pleasure": 0.0,
    "age": 0.0,
    "x": -38.18277371248003,
    "y": 26.36599070192384
  },
  "emotions": {
    "fear": 0.0,
    "joy": 0.41360538370365285,
    "sadness": 0.0,
    "anger": 0.0,
    "love": 0.0,
    "loneliness": 0.40006407184971127,
    "anxiety": 0.34497511528467206,
    "peace": 0.3,
    "trust": 0.3536689263315305
  },
  "memory": {
    "long_term": [],
    "others": {
      "ser_13555": {
        "first_met": 0,
        "times_met": 1,
        "trust": 0.8,
        "feelings": "parent",
        "memories": []
      },
      "ser_09277": {
        "first_met": 0,
        "times_met": 1,
        "trust": 0.8,
        "feelings": "parent",
        "memories": []
      }
    },
    "traumas": [],
    "happy_memories": []
  },
  "mind": {
    "thought_stream": [
      "...",
      "\u00bfQu\u00e9 es esto?",
      "Existo."
    ],
    "questions": [
      "\u00bfQu\u00e9 soy?",
      "\u00bfD\u00f3nde estoy?"
    ],
    "desires": [],
    "fears": [],
    "self_concept": [],
    "beliefs": {},
    "likes": {}
  }
}