{
  "id": "ser_30836",
  "alive": true,
  "birth_tick": 0,
  "death_tick": null,
  "cause_of_death": null,
  "dna": {
    "metabolism": 0.8337330014000418,
    "pain_sensitivity": 0.6662672246219349,
    "energy_capacity": 0.8142973718386893,
    "warmth_tolerance": 0.8169650882125552,
    "recovery_rate": 1.0267346158506896,
    "baseline_anxiety": 0.10635875444908849,
    "baseline_joy": 0.4144956359103411,
    "emotional_intensity": 1.2508469398353652,
    "emotional_stability": 0.6415394883332167,
    "sociability": 0.5755988024728066,
    "empathy": 0.4452573067039174,
    "trust_default": 0.5228643101157939,
    "curiosity": 0.3698571540960265,
    "introspection": 0.46212364285239793,
    "risk_tolerance": 0.4579477723098483,
    "resilience": 0.730493513305271,
    "death_awareness": 0.6926220688344209,
    "pattern_seeking": 0.2514925007059919,
    "sky_gazing": 0.6548051735222088,
    "earth_grounding": 0.6743428485002417,
    "mystical_sense": 0.2567375407432632,
    "analytical_mind": 0.8598509444391425,
    "creative_spirit": 0.5674790967009293
  },
  "body": {
    "hunger": 70.0,
    "thirst": 70.0,
    "energy": 100.0,
    "warmth": 50.0,
    "health": 100.0,
    "pain": 0.0,
    "pleasure": 0.0,
    "age": 0.0,
    "x": 11.407850969930188,
    "y": 41.81781937195685
  },
  "emotions": {
    "fear": 0.0,
    "joy": 0.4144956359103411,
    "sadness": 0.0,
    "anger": 0.0,
    "love": 0.0,
    "loneliness": 0.32732035925815806,
    "anxiety": 0.10635875444908849,
    "peace": 0.3,
    "trust": 0.5228643101157939
  },
  "memory": {
    "long_term": [],
    "others": {
      "ser_27994": {
        "first_met": 0,
        "times_met": 1,
        "trust": 0.8,
        "feelings": "parent",
        "memories": []
      },
      "ser_83475": {
        "first_met": 0,
        "times_met": 1,
        "trust": 0.8,
        "feelings": "parent",
        "memories": []
      }
    },
    "traumas": [],
    "happy_memories": []
  },
  "mind": {
    "thought_stream": [
      "...",
      "\u00bfQu\u00e9 es esto?",
      "Existo."
    ],
    "questions": [
      "\u00bfQu\u00e9 soy?",
      "\u00bfD\u00f3nde estoy?"
    ],
    "desires": [],
    "fears": [],
    "self_concept": [],
    "beliefs": {},
    "likes": {}
  }
}