{
  "neo": {
    "pulls": {
      "-1": 9,
      "0": 23,
      "1": 13
    },
    "mean_rewards": {
      "-1": 0.4536515600611727,
      "0": 0.44561386342183446,
      "1": 0.40825170288271356
    },
    "alpha": {
      "-1": 2.5764102564102562,
      "0": 7.967585192585192,
      "1": 2.22692036645525
    },
    "beta": {
      "-1": 4.4008493359820475,
      "0": 9.055307924148503,
      "1": 5.552655040510827
    }
  },
  "eva": {
    "pulls": {
      "-1": 17,
      "0": 10,
      "1": 18
    },
    "mean_rewards": {
      "-1": 0.5799671850162921,
      "0": 0.4268876895521633,
      "1": 0.5185415137124152
    },
    "alpha": {
      "-1": 5.837728312829679,
      "0": 2.960964912280702,
      "1": 6.667097266292668
    },
    "beta": {
      "-1": 5.2981549076178815,
      "0": 4.545863395863396,
      "1": 5.8889745606064405
    }
  }
}