{
  "timestamp": "2025-12-01T02:42:21.752006",
  "T": 2000,
  "seeds": [
    42,
    123,
    456
  ],
  "all_results": {
    "ACOPLADOS": [
      {
        "condition": "ACOPLADOS",
        "T": 2000,
        "seed": 42,
        "neo": {
          "n_crises": 46,
          "crises_resolved": 46,
          "final_attachment": 1.0,
          "periods": {
            "dominant_period": 48.78048780487805,
            "secondary_period": 41.666666666666664,
            "spectrum_peak": 57.16015992793887
          },
          "crisis_intervals": {
            "mean_interval": 42.666666666666664,
            "std_interval": 25.683544234479097,
            "min_interval": 1.0,
            "max_interval": 141.0,
            "n_crises": 46
          },
          "final_phase": "reconstrucci\u00f3n"
        },
        "eva": {
          "n_crises": 54,
          "crises_resolved": 54,
          "final_attachment": 0.9049999999999999,
          "periods": {
            "dominant_period": 44.44444444444444,
            "secondary_period": 46.51162790697674,
            "spectrum_peak": 50.070303438404366
          },
          "crisis_intervals": {
            "mean_interval": 36.64150943396226,
            "std_interval": 25.29456227611929,
            "min_interval": 1.0,
            "max_interval": 127.0,
            "n_crises": 54
          },
          "final_phase": "crisis"
        },
        "relationship": {
          "identity_correlation": 0.3847888812113678,
          "psi_shared_events": 59
        }
      },
      {
        "condition": "ACOPLADOS",
        "T": 2000,
        "seed": 123,
        "neo": {
          "n_crises": 57,
          "crises_resolved": 57,
          "final_attachment": 0.995,
          "periods": {
            "dominant_period": 43.47826086956522,
            "secondary_period": 41.666666666666664,
            "spectrum_peak": 61.301554301098285
          },
          "crisis_intervals": {
            "mean_interval": 34.107142857142854,
            "std_interval": 21.947728951361892,
            "min_interval": 1.0,
            "max_interval": 91.0,
            "n_crises": 57
          },
          "final_phase": "reconstrucci\u00f3n"
        },
        "eva": {
          "n_crises": 56,
          "crises_resolved": 55,
          "final_attachment": 0.995,
          "periods": {
            "dominant_period": 44.44444444444444,
            "secondary_period": 40.816326530612244,
            "spectrum_peak": 78.30094130324483
          },
          "crisis_intervals": {
            "mean_interval": 35.981818181818184,
            "std_interval": 23.985215832099502,
            "min_interval": 1.0,
            "max_interval": 133.0,
            "n_crises": 56
          },
          "final_phase": "crisis"
        },
        "relationship": {
          "identity_correlation": 0.3913716981104308,
          "psi_shared_events": 72
        }
      },
      {
        "condition": "ACOPLADOS",
        "T": 2000,
        "seed": 456,
        "neo": {
          "n_crises": 67,
          "crises_resolved": 66,
          "final_attachment": 0.985,
          "periods": {
            "dominant_period": 42.5531914893617,
            "secondary_period": 40.0,
            "spectrum_peak": 63.04642935636313
          },
          "crisis_intervals": {
            "mean_interval": 29.515151515151516,
            "std_interval": 29.018407128058744,
            "min_interval": 1.0,
            "max_interval": 159.0,
            "n_crises": 67
          },
          "final_phase": "crisis"
        },
        "eva": {
          "n_crises": 48,
          "crises_resolved": 47,
          "final_attachment": 0.965,
          "periods": {
            "dominant_period": 45.45454545454546,
            "secondary_period": 47.61904761904761,
            "spectrum_peak": 85.81307265521184
          },
          "crisis_intervals": {
            "mean_interval": 41.765957446808514,
            "std_interval": 26.846460811917996,
            "min_interval": 1.0,
            "max_interval": 152.0,
            "n_crises": 48
          },
          "final_phase": "crisis"
        },
        "relationship": {
          "identity_correlation": 0.389520713627942,
          "psi_shared_events": 65
        }
      }
    ],
    "DESACOPLADOS": [
      {
        "condition": "DESACOPLADOS",
        "T": 2000,
        "seed": 42,
        "neo": {
          "n_crises": 71,
          "crises_resolved": 70,
          "final_attachment": 0.0,
          "periods": {
            "dominant_period": 48.78048780487805,
            "secondary_period": 37.735849056603776,
            "spectrum_peak": 55.34443330044894
          },
          "crisis_intervals": {
            "mean_interval": 27.65714285714286,
            "std_interval": 26.1691670888175,
            "min_interval": 1.0,
            "max_interval": 137.0,
            "n_crises": 71
          },
          "final_phase": "crisis"
        },
        "eva": {
          "n_crises": 52,
          "crises_resolved": 52,
          "final_attachment": 0.0,
          "periods": {
            "dominant_period": 47.61904761904761,
            "secondary_period": 44.44444444444444,
            "spectrum_peak": 57.03180122607291
          },
          "crisis_intervals": {
            "mean_interval": 36.72549019607843,
            "std_interval": 24.414780505108972,
            "min_interval": 1.0,
            "max_interval": 108.0,
            "n_crises": 52
          },
          "final_phase": "crisis"
        },
        "relationship": {
          "identity_correlation": 0.08514716091180637,
          "psi_shared_events": 0
        }
      },
      {
        "condition": "DESACOPLADOS",
        "T": 2000,
        "seed": 123,
        "neo": {
          "n_crises": 53,
          "crises_resolved": 52,
          "final_attachment": 0.0,
          "periods": {
            "dominant_period": 44.44444444444444,
            "secondary_period": 42.5531914893617,
            "spectrum_peak": 49.693378614493916
          },
          "crisis_intervals": {
            "mean_interval": 37.40384615384615,
            "std_interval": 24.976342356614047,
            "min_interval": 1.0,
            "max_interval": 103.0,
            "n_crises": 53
          },
          "final_phase": "crisis"
        },
        "eva": {
          "n_crises": 51,
          "crises_resolved": 51,
          "final_attachment": 0.0,
          "periods": {
            "dominant_period": 40.0,
            "secondary_period": 51.282051282051285,
            "spectrum_peak": 61.68112560081595
          },
          "crisis_intervals": {
            "mean_interval": 38.52,
            "std_interval": 20.74631533549994,
            "min_interval": 1.0,
            "max_interval": 94.0,
            "n_crises": 51
          },
          "final_phase": "reconstrucci\u00f3n"
        },
        "relationship": {
          "identity_correlation": 0.00419537752467059,
          "psi_shared_events": 0
        }
      },
      {
        "condition": "DESACOPLADOS",
        "T": 2000,
        "seed": 456,
        "neo": {
          "n_crises": 55,
          "crises_resolved": 55,
          "final_attachment": 0.0,
          "periods": {
            "dominant_period": 43.47826086956522,
            "secondary_period": 41.666666666666664,
            "spectrum_peak": 61.52213310280584
          },
          "crisis_intervals": {
            "mean_interval": 35.44444444444444,
            "std_interval": 22.068635919739684,
            "min_interval": 1.0,
            "max_interval": 95.0,
            "n_crises": 55
          },
          "final_phase": "reconstrucci\u00f3n"
        },
        "eva": {
          "n_crises": 50,
          "crises_resolved": 50,
          "final_attachment": 0.0,
          "periods": {
            "dominant_period": 44.44444444444444,
            "secondary_period": 57.14285714285714,