{
  "block_shuffle": {
    "name": "Block Shuffle",
    "block_size": 10,
    "observed": 0.9308320923289831,
    "null_mean": -0.0014677781261540185,
    "null_std": 0.02788031576304583,
    "null_q025": -0.05501863039391125,
    "null_q975": 0.052937581480521426,
    "p_value": 0.0,
    "significant": true,
    "acf_preserved": true
  },
  "circular_shift": {
    "name": "Circular Shift",
    "observed_corr": 0.9308320923289831,
    "lags": [
      1,
      132,
      264,
      395,
      527,
      658,
      790,
      921,
      1053,
      1184,
      1316,
      1447,
      1579,
      1710,
      1842,
      1973,
      2105,
      2236,
      2368,
      2500
    ],
    "correlations": [
      0.9081559830633235,
      0.3954676353284594,
      0.0038153027739000756,
      -0.14420553747405843,
      -0.16940936390001252,
      -0.1938349696586892,
      -0.029599351400855053,
      0.015597947490392363,
      -0.06797414150233295,
      -0.0968453099108646,
      -0.0667047149103416,
      -0.09798008656386747,
      -0.06240071168686646,
      0.05782925361771373,
      0.12561374351756818,
      0.06468202978732328,
      0.02547534402476208,
      -0.0677016083743102,
      -0.11235806845788773,
      -0.05664289375284965
    ],
    "mean_shifted_corr": 0.021549024100525335,
    "decay_ratio": 43.196020756516816,
    "significant_decay": true
  },
  "phase_random": {
    "name": "Phase Randomization",
    "observed": 0.9308320923289831,
    "null_mean": 0.0024068454693416262,
    "null_std": 0.1357227518744739,
    "null_q025": -0.24642589711477578,
    "null_q975": 0.28746030841263037,
    "p_value": 0.0,
    "significant": true,
    "variance_preserved": true
  },
  "rng_check": {
    "name": "RNG Independence",
    "correlation_between_streams": -0.04291833153519542,
    "z_score": 1.3571968102544854,
    "p_value": 0.17471868400158286,
    "independent": true
  },
  "rolling_origin": {
    "name": "Rolling Origin",
    "n_folds": 5,
    "aucs": [
      0.8196316218735435,
      0.8544441887579418,
      0.8347755525435747,
      0.75427733998993,
      0.8176815092217024
    ],
    "auc_mean": 0.8161620424773384,
    "auc_std": 0.03363346144292691,
    "correlations": [
      0.9086496083044678,
      0.9378692073369955,
      0.9525611535880819,
      0.918196698374983,
      0.9602967248625998
    ],
    "corr_mean": 0.9355146784934256,
    "corr_std": 0.019656654715959378,
    "stable_across_folds": true
  },
  "conditional_te": {
    "name": "Conditional Transfer Entropy",
    "te_by_state": {
      "SLEEP": {
        "te_neo_to_eva": 0.030510657591546586,
        "te_eva_to_neo": 0.04402420052922218,
        "n_samples": 430
      },
      "WAKE": {
        "te_neo_to_eva": 0.02524046208239694,
        "te_eva_to_neo": 0.04495265420754624,
        "n_samples": 71
      },
      "WORK": {
        "te_neo_to_eva": 0.047116571068192004,
        "te_eva_to_neo": 0.06123638510903917,
        "n_samples": 107
      },
      "LEARN": {
        "te_neo_to_eva": 0.05262372804708315,
        "te_eva_to_neo": 0.04678082634514369,
        "n_samples": 121
      },
      "SOCIAL": {
        "te_neo_to_eva": 0.03702933641588424,
        "te_eva_to_neo": 0.021216899684256108,
        "n_samples": 270
      }
    },
    "social_work_te_mean": 0.04207295374203812,
    "sleep_te": 0.030510657591546586,
    "ratio_active_vs_sleep": 1.3789592576233012,
    "causality_concentrated_in_active": false
  },
  "buffer_check": {
    "name": "Buffer Leak Check",
    "same_object": false,
    "instant_correlation": 0.9165604662518486,
    "mean_difference": 0.05797074081632653,
    "has_difference": true,
    "suspicious": false,
    "no_leak": true
  },
  "additional_metrics": {
    "t_break_neo": 0,
    "t_break_eva": 15,
    "kappa_by_state_neo": {
      "SLEEP": {
        "median": 0.4079263267749309,
        "q25": 0.15892516488932698,
        "q75": 0.7085695586102831,
        "n": 182
      },
      "WAKE": {
        "median": 0.36306548632738345,
        "q25": 0.09299510818561225,
        "q75": 0.7310795716641301,
        "n": 34
      },
      "WORK": {
        "median": 0.49999454761153217,
        "q25": 0.15510436368005548,
        "q75": 0.87097773131425,
        "n": 52
      },
      "LEARN": {
        "median": 0.4864830062115443,
        "q25": 0.17395448018414789,
        "q75": 0.7386397650134577,
        "n": 54
      },
      "SOCIAL": {
        "median": 0.34766776390755805,
        "q25": 0.07505114291708445,
        "q75": 0.7413748992924769,
        "n": 120
      }
    },
    "kappa_by_state_eva": {
      "SLEEP": {
        "median": 0.3994126678137436,
        "q25": 0.11796569073133642,
        "q75": 0.7305386405239913,
        "n": 181
      },
      "WAKE": {
        "median": 0.5365367080206566,
        "q25": 0.2903849076239331,
        "q75": 0.711309469203643,
        "n": 34
      },
      "WORK": {
        "median": 0.5473342617315893,
        "q25": 0.1750650660207988,
        "q75": 0.7511920726960633,
        "n": 49
      },
      "LEARN": {
        "median": 0.28356093372957125,
        "q25": 0.11219127207657428,
        "q75": 0.5771961208201024,
        "n": 43
      },
      "SOCIAL": {
        "median": 0.38032588332787043,
        "q25": 0.1413754382042332,
        "q75": 0.7360392944568317,
        "n": 135
      }
    }
  },
  "conclusion": "VALIDATED"
}