{
  "alpha_consent_elast": 0.024895029776874494,
  "alpha_cross_sus": 0.9868421052631576,
  "alpha_coord": 0.47753268046367947,
  "alpha_homeo": 0.0,
  "alpha_inter": 2.5
}