{
  "neo_alpha_affect": {
    "name": "alpha_affect",
    "observed": 0.013151669686257632,
    "null_mean": 0.023171078190521475,
    "null_std": 0.00026462103015100776,
    "null_q025": 0.02264261813663724,
    "null_q500": 0.0232002085945901,
    "null_q975": 0.023639643230067148,
    "p_value": 1.0,
    "n_bootstrap": 100
  },
  "neo_alpha_hyst": {
    "name": "alpha_hyst",
    "observed": 0.1195586027830744,
    "null_mean": 0.42818489441110535,
    "null_std": 0.024971751897264888,
    "null_q025": 0.3744833635370425,
    "null_q500": 0.42773540508742686,
    "null_q975": 0.47913309041598545,
    "p_value": 1.0,
    "n_bootstrap": 100
  },
  "neo_alpha_switch": {
    "name": "alpha_switch",
    "observed": 0.7961783439490446,
    "null_mean": 0.7977707006369426,
    "null_std": 0.002758042687211588,
    "null_q025": 0.7961783439490446,
    "null_q500": 0.7961783439490446,
    "null_q975": 0.802547770700637,
    "p_value": 1.0,
    "n_bootstrap": 100
  },
  "eva_alpha_affect": {
    "name": "alpha_affect",
    "observed": 0.0131974579894794,
    "null_mean": 0.02309238742061554,
    "null_std": 0.00028938002218351766,
    "null_q025": 0.022539076497813205,
    "null_q500": 0.023159855909969822,
    "null_q975": 0.023566879691096828,
    "p_value": 1.0,
    "n_bootstrap": 100
  },
  "eva_alpha_hyst": {
    "name": "alpha_hyst",
    "observed": 0.11533936468010954,
    "null_mean": 0.4151413912847417,
    "null_std": 0.026206584249740948,
    "null_q025": 0.368610288449836,
    "null_q500": 0.4130796381191937,
    "null_q975": 0.45938019797963425,
    "p_value": 1.0,
    "n_bootstrap": 100
  },
  "eva_alpha_switch": {
    "name": "alpha_switch",
    "observed": 0.802547770700637,
    "null_mean": 0.8018471337579618,
    "null_std": 0.0019929283881735048,
    "null_q025": 0.7961783439490446,
    "null_q500": 0.802547770700637,
    "null_q975": 0.802547770700637,
    "p_value": 0.89,
    "n_bootstrap": 100
  },
  "inter_alpha_consent_elast": {
    "name": "alpha_consent_elast",
    "observed": 0.024895029776874494,
    "null_mean": 0.0008541764716134851,
    "null_std": 0.002505810396714647,
    "null_q025": 0.0,
    "null_q500": 0.0,
    "null_q975": 0.00831862212539286,
    "p_value": 0.0,
    "n_bootstrap": 100
  },
  "inter_alpha_cross_sus": {
    "name": "alpha_cross_sus",
    "observed": 0.9868421052631576,
    "null_mean": 0.9826780693628681,
    "null_std": 0.07470852102804798,
    "null_q025": 0.8333333333333334,
    "null_q500": 0.9915516755843419,
    "null_q975": 1.1176266339869283,
    "p_value": 0.51,
    "n_bootstrap": 100
  },
  "struct_alpha_weights": {
    "name": "alpha_weights",
    "observed": 0.0016490766005965163,
    "null_mean": 0.0016490766005965163,
    "null_std": 0.0,
    "null_q025": 0.0016490766005965163,
    "null_q500": 0.0016490766005965163,
    "null_q975": 0.0016490766005965163,
    "p_value": 1.0,
    "n_bootstrap": 100
  },
  "struct_alpha_manifold": {
    "name": "alpha_manifold",
    "observed": 1.6661626954434912,
    "null_mean": 1.1188718782364848,
    "null_std": 0.013779248672235364,
    "null_q025": 1.0926561654442604,
    "null_q500": 1.1185674299714816,
    "null_q975": 1.1463514843438964,
    "p_value": 0.0,
    "n_bootstrap": 100
  }
}