{
  "NEO": {
    "agent": "NEO",
    "total_steps": 2000,
    "state_distribution": {
      "exploration": 0.9215,
      "consolidation": 0.0,
      "flow": 0.0025,
      "crisis": 0.0,
      "transition": 0.076
    },
    "transition_matrix": [
      [
        0.9772110689093869,
        0.0,
        0.0010851871947911015,
        0.0,
        0.02170374389582203
      ],
      [
        0.0,
        0.0,
        0.0,
        0.0,
        0.0
      ],
      [
        0.4,
        0.0,
        0.4,
        0.0,
        0.2
      ],
      [
        0.0,
        0.0,
        0.0,
        0.0,
        0.0
      ],
      [
        0.2582781456953642,
        0.0,
        0.006622516556291391,
        0.0,
        0.7350993377483444
      ]
    ],
    "meta_stable_modes": {
      "exploration": {
        "centroid": [
          0.27640664381375024,
          0.5010651313771433,
          0.6079611562662436,
          0.5676364917332528,
          0.329361234220061
        ],
        "variance": 0.028945053364982577,
        "duration_mean": 43.88095238095238,
        "duration_std": 63.669609398815474,
        "entry_count": 42,
        "typical_successors": {
          "exploration": 0.9772110689093869,
          "transition": 0.02170374389582203,
          "flow": 0.0010851871947911015
        }
      },
      "transition": {
        "centroid": [
          0.3008658004373889,
          0.4804453395591823,
          0.38492939481621663,
          0.5623758808999024,
          0.4502918766345575
        ],
        "variance": 0.012538670983390513,
        "duration_mean": 3.707317073170732,
        "duration_std": 5.138301429693613,
        "entry_count": 41,
        "typical_successors": {
          "transition": 0.7350993377483444,
          "exploration": 0.2582781456953642,
          "flow": 0.006622516556291391
        }
      }
    },
    "long_cycles": [],
    "global_attractors": [
      [
        0.26105761092613156,
        0.574845105450439,
        0.9017014927239396,
        0.5532148619082029,
        0.40862639122325184
      ],
      [
        0.2659970002634424,
        0.3963020678499353,
        0.0995715841527478,
        0.5653226835560367,
        0.2343760897508623
      ],
      [
        0.2802109126519572,
        0.471112788026373,
        0.5055977062267094,
        0.5530107493748467,
        0.28322984258547595
      ]
    ],
    "dominant_state": "exploration",
    "most_stable_state": "exploration",
    "characteristic_period": null
  },
  "EVA": {
    "agent": "EVA",
    "total_steps": 2000,
    "state_distribution": {
      "exploration": 0.8945,
      "consolidation": 0.0,
      "flow": 0.0015,
      "crisis": 0.0005,
      "transition": 0.1035
    },
    "transition_matrix": [
      [
        0.9625279642058165,
        0.0,
        0.0005592841163310962,
        0.0005592841163310962,
        0.036353467561521254
      ],
      [
        0.0,
        0.0,
        0.0,
        0.0,
        0.0
      ],
      [
        1.0,
        0.0,
        0.0,
        0.0,
        0.0
      ],
      [
        1.0,
        0.0,
        0.0,
        0.0,
        0.0
      ],
      [
        0.30434782608695654,
        0.0,
        0.00966183574879227,
        0.0,
        0.6859903381642513
      ]
    ],
    "meta_stable_modes": {
      "exploration": {
        "centroid": [
          0.33072147877712327,
          0.5055283023175839,
          0.6125143453534843,
          0.6298418181262466,
          0.39486223141941496
        ],
        "variance": 0.02923963696484877,
        "duration_mean": 26.308823529411764,
        "duration_std": 27.734697610702256,
        "entry_count": 68,
        "typical_successors": {
          "exploration": 0.9625279642058165,
          "transition": 0.036353467561521254,
          "flow": 0.0005592841163310962,
          "crisis": 0.0005592841163310962
        }
      },
      "transition": {
        "centroid": [
          0.3174712674198197,
          0.46984129451327517,
          0.3887143961211249,
          0.539439766527037,
          0.47788599908095786
        ],
        "variance": 0.014317167937537598,
        "duration_mean": 3.1846153846153844,
        "duration_std": 3.18599004147513,
        "entry_count": 65,
        "typical_successors": {
          "transition": 0.6859903381642513,
          "exploration": 0.30434782608695654,
          "flow": 0.00966183574879227
        }
      }
    },
    "long_cycles": [
      {
        "period": 