{
  "n_seeds": 5,
  "n_steps": 2000,
  "timestamp": "2025-11-30T21:11:33.361538",
  "global": {
    "drives": {
      "D_stab": {
        "mean": 0.5042526474645125,
        "std": 0.007672738373026841
      },
      "D_nov": {
        "mean": 0.4839611408650901,
        "std": 0.04632013560524174
      },
      "D_irr": {
        "mean": 0.5055724666979133,
        "std": 0.007732012841294443
      }
    },
    "divergence": {
      "mean": 253.2307513990243,
      "std": 3.37699010498266,
      "median": 251.96035479569636
    },
    "persistence": {
      "mean": 0.4833035252032786,
      "std": 0.009724988301240111
    }
  },
  "vs_null": {
    "disabled": {
      "mean_divergence": 0.0
    },
    "shuffled": {
      "mean_divergence": 156.16836090952842,
      "divergence_p95": 157.32314001655357
    },
    "noise": {
      "mean_divergence": 156.16836090952842,
      "divergence_p95": 157.32314001655357
    }
  },
  "go_criteria": {
    "drives_endogenous": true,
    "divergence_positive": true,
    "divergence_above_shuffled_p95": true,
    "divergence_above_noise_p95": true,
    "persistence_sufficient": true,
    "n_pass": 5,
    "required": 3,
    "go": true
  },
  "seeds": [
    {
      "seed": 0,
      "T": 2000,
      "drives": {
        "D_stab": {
          "mean": 0.5181637685739787,
          "std": 0.2852462786459132,
          "min": 0.0,
          "max": 0.9978506179473401
        },
        "D_nov": {
          "mean": 0.4710452788344701,
          "std": 0.2866603172401449,
          "min": 0.0,
          "max": 0.9985486211901307
        },
        "D_irr": {
          "mean": 0.491929093169494,
          "std": 0.2869859420468925,
          "min": 0.0,
          "max": 0.9992982456140351
        }
      },
      "correlations": {
        "stab_nov": -0.06175998739825134,
        "stab_irr": -0.01704788741914777,
        "nov_irr": -0.02455214995312621
      },
      "persistence": {
        "mean_autocorr_lag1": 0.48876860592582533,
        "autocorrs_per_drive": [
          0.6589261728277684,
          0.8150909448632232,
          -0.007711299913515658
        ],
        "persistent": false
      },
      "divergence": {
        "cumulative": 251.6319927001149,
        "mean_per_step": 0.12904204753852047,
        "std_per_step": 0.045603476894827626,
        "max_step": 0.2458934181352486
      },
      "agency": {
        "mean": -0.09927475260129497,
        "std": 0.5230684400916612
      },
      "amplified_agency": {
        "mean": -0.19271846727039568,
        "std": 0.7205962451562337
      },
      "nulls": {
        "disabled": {
          "cumulative_divergence": 0.0,
          "n_transitions": 1949,
          "state_entropy": 1.6094379124341003
        },
        "shuffled": {
          "cumulative_divergence": 156.33628614562178,
          "n_steps": 1950
        },
        "noise": {
          "cumulative_divergence": 156.33628614562178,
          "n_steps": 1950
        }
      }
    },
    {
      "seed": 1,
      "T": 2000,
      "drives": {
        "D_stab": {
          "mean": 0.504897953207322,
          "std": 0.29028334469908584,
          "min": 0.0,
          "max": 0.9988031119090365
        },
        "D_nov": {
          "mean": 0.4303562423766696,
          "std": 0.2843693300776271,
          "min": 0.0,
          "max": 0.9941176470588236
        },
        "D_irr": {
          "mean": 0.5092817126053195,
          "std": 0.2870192609499162,
          "min": 0.0,
          "max": 0.9974842767295597
        }
      },
      "correlations": {
        "stab_nov": -0.05705720557445549,
        "stab_irr": -0.0032937373319899188,
        "nov_irr": 0.03568151320281303
      },
      "persistence": {
        "mean_autocorr_lag1": 0.4871230029573672,
        "autocorrs_per_drive": [
          0.6412344300123889,
          0.8500172263469241,
          -0.029882647487211412
        ],
        "persistent": false
      },
      "divergence": {
        "cumulative": 251.96035479569636,
        "mean_per_step": 0.12921043835676732,
        "std_per_step": 0.05289892663295891,
        "max_step": 0.31944773571668345
      },
      "agency": {
        "mean": -0.10711894276455593,
        "std": 0.5396851478727178
      },
      "amplified_agency": {
        "mean": -0.20144594100295185,
        "std": 0.7410943868924881
      },
      "nulls": {
        "disabled": {
          "cumulative_divergence": 0.0,
          "n_transitions": 1949,
          "state_entropy": 1.6094379124341003
        },
        "shuffled": {
          "cumulative_divergence": 153.2505723325743,
          "n_steps": 1950
        },
        "noise": {
          "cumulative_divergence": 153.2505723325743,
          "n_steps": 1950
        }
      }
    },
    {
      "seed": 2,
      "T": 2000,
      "drives": {
        "D_stab": {
          "mean": 0.5038568418480202,
          "std": 0.2860576217096264,
          "min": 0.0,
          "max": 0.9957983193277311
        },
        "D_nov": {
          "mean": 0.48464540755334207,
          "std": 0.29226365729665976,
          "min": 0.0,
          "max": 0.9953703703703703
        },
        "D_irr": {
          "mean": 0.5138485001300952,
          "std": 0.2886891579872323,
          "min": 0.0,
          "max": 0.9994065281899109
        }
      },
      "correlations": {
        "stab_nov": -0.03888264691687319,
        "stab_irr": -0.021082434995456544,
        "nov_irr": 0.015497949191790901
      },
      "persistence": {
        "mean_autocorr_lag1": 0.48453958221320564,
        "autocorrs_per_drive": [
          0.6737879811915946,
          0.8137388793546455,
          -0.03390811390662312
        ],
        "persistent": false
      },
      "divergence": {
        "cumulative": 249.0418865264401,
        "mean_per_step": 0.12771378796227695,
        "std_per_step": 0.051170120583626924,
        "max_step": 0.31160896036930824
      },
      "agency": {
        "mean": -0.11005925537272455,
        "std": 0.5276832335346686
      },
      "amplified_agency": {
        "mean": -0.20891286668896827,
        "std": 0.7354409238838182
      },
      "nulls": {
        "disabled": {
          "cumulative_divergence": 0.0,
          "n_transitions": 1949,
          "state_entropy": 1.6094379124341003
        },
        "shuffled": {
          "cumulative_divergence": 156.7240728757278,
          "n_steps": 1950
        },
        "noise": {
          "cumulative_divergence": 156.7240728757278,
          "n_steps": 1950
        }
      }
    },
    {
      "seed": 3,
      "T": 2000,
      "drives": {
        "D_stab": {
          "mean": 0.49715499177602634,
          "std": 0.2856730781321067,
          "min": 0.0,
          "max": 0.9994577006507592
        },
        "D_nov": {
          "mean": 0.569414042997901,
          "std": 0.2801285599776699,
          "min": 0.0,
          "max": 0.9994165694282381
        },
        "D_irr": {
          "mean": 0.5025836217749967,
          "std": 0.2823957934395613,
          "min": 0.0,
          "max": 0.9991364421416234
        }
      },
      "correlations": {
        "stab_nov": -0.10008487573763482,
        "stab_irr": -0.03424300106973573,
        "nov_irr": -0.0028222019305232733
      },
      "persistence": {
        "mean_autocorr_lag1": 0.4644132512524363,
        "autocorrs_per_drive": [
          0.6236931723681117,
          0.7568775800410515,
          0.012669001348145652
        ],
        "persistent": false
      },
      "divergence": {
        "cumulative": 254.47985352515627,
        "mean_per_step": 0.13050248898725977,
        "std_per_step": 0.04232086438794455,
        "max_step": 0.24812831087777226
      },
      "agency": {
        "mean": -0.10173737327236386,
        "std": 0.524731477364914
      },
      "amplified_agency": {
        "mean": -0.19149104660466337,
        "std": 0.7315453497024754
      },
      "nulls": {
        "disabled": {
          "cumulative_divergence": 0.0,