{
  "t": 100,
  "S": 0.3642857143590061,
  "S_history": [
    0.42857142857142855,
    0.42857142857142855,
    0.35714285714285715,
    0.36904761904761907,
    0.34452835359865286,
    0.3321537908090315,
    0.397032145732465,
    0.387488698387273,
    0.3857306398075204,
    0.3826551778996013,
    0.37529384480585104,
    0.37472615544183513,
    0.37126037702578135,
    0.3689893537174505,
    0.36952136744818986,
    0.3698843913125449,
    0.36870000530964087,
    0.3672252931445318,
    0.3667592918132819,
    0.3662458780947756,
    0.36537420392733505,
    0.36533419358142993,
    0.3649644344060365,
    0.3647900387881866,
    0.3648002966674856,
    0.3648285764069702,
    0.36466121679687996,
    0.36454948941441456,
    0.3644978267916602,
    0.3644607663685755,
    0.36439880943960506,
    0.3644005841263348,
    0.36435647947760924,
    0.36433885066735755,
    0.3643381285006923,
    0.3643369886649785,
    0.36432375706825265,
    0.3643118706020297,
    0.36430803434359754,
    0.3643023402498157,
    0.364297482393152,
    0.3642982074137681,
    0.3642941849343802,
    0.36429197965091703,
    0.36429129688426354,
    0.36429092264260937,
    0.364289453517403,
    0.36428838734833163,
    0.36428814060916476,
    0.3642877329209625,
    0.3642870848949485,
    0.3642870848143934,
    0.36428671557749354,
    0.36428650909286703,
    0.3642863587727271,
    0.36428627860916546,
    0.36428614425753886,
    0.36428603483493444,
    0.36428598912275456,
    0.3642859518399285,
    0.36428587641592436,
    0.3642858692612287,
    0.36428583005938603,
    0.364285808991359,
    0.36428579993206867,
    0.36428578364743586,
    0.364285767062477,
    0.36428575609340863,
    0.3642857496506835,
    0.36428574284033644,
    0.3642857361210012,
    0.3642857336288681,
    0.3642857293931571,
    0.3642857270836517,
    0.36428572515669594,
    0.3642857227874893,
    0.3642857208968767,
    0.3642857196604116,
    0.3642857187360109,
    0.3642857178574289,
    0.3642857171731083,
    0.364285717073069,
    0.3642857164464278,
    0.3642857161197207,
    0.364285715806818,
    0.36428571545438004,
    0.3642857151975593,
    0.3642857150335543,
    0.3642857149077079,
    0.3642857147936125,
    0.3642857147119828,
    0.3642857146869237,
    0.36428571459385267,
    0.3642857145461367,
    0.3642857144961832,
    0.3642857144452782,
    0.3642857144115279,
    0.3642857143903456,
    0.3642857143736678,
    0.3642857143590061
  ],
  "components": {
    "otherness": 0.5,
    "time_sense": 2.7974033390909813e-10,
    "irreversibility": 0.5000000002333026,
    "opacity": 0.0,
    "surprise": 0.5,
    "causality": 0.05,
    "stability": 1.0
  },
  "timestamp": "2025-11-30T23:41:04.061804"
}