{
  "n_cycles": 25000,
  "train_end": 15000,
  "n_bilateral": 11767,
  "n_train_events": 6886,
  "n_test_events": 4881,
  "auc_train": 0.8574625681482959,
  "auc_test": 0.7915292938532101,
  "entropy_neo": 0.8738602260359084,
  "entropy_eva": 0.8541523955338056,
  "I_neo_final": [
    0.2606169865031249,
    0.3474276273256499,
    0.39195538617122516
  ],
  "I_eva_final": [
    0.2613558157038542,
    0.34361682427348994,
    0.39502736002265576
  ],
  "mean_intensity": 0.3645166977791252
}