{
  "go": true,
  "criteria": {
    "modes_detected": true,
    "dominant_persistence": true,
    "mode_separation": true,
    "modes_have_structure": true,
    "reproduction": true
  },
  "summary": {
    "T": 1000,
    "n_modes": 2,
    "mode_stats": [
      {
        "mode_id": 0,
        "first_detected": 1,
        "persistence": 216,
        "n_activations": 216,
        "var_explained": 4.579665848888626,
        "top_loadings": [
          [
            "coupling",
            0.9853360079535107
          ],
          [
            "S_neo",
            -0.15350348114631354
          ],
          [
            "S_eva",
            -0.06571371640173286
          ]
        ]
      },
      {
        "mode_id": 1,
        "first_detected": 697,
        "persistence": 15,
        "n_activations": 15,
        "var_explained": 0.6737152268422817,
        "top_loadings": [
          [
            "coupling",
            -0.9858588179860639
          ],
          [
            "S_neo",
            -0.14393027874172756
          ],
          [
            "phi_integration",
            -0.057560075772927266
          ]
        ]
      }
    ],
    "eigenvalue_separation": 11.132854505778514,
    "max_persistence": 216,
    "threshold_persistence": 7
  },
  "n_modes_detected": 2,
  "modes": [
    0,
    1
  ],
  "eigenvalue_series": [
    [
      0.3285226295589961,
      0.05641374897731549,
      0.006661273594687466,
      0.003306703005706033,
      0.0005075656825505289
    ],
    [
      0.30124000084075153,
      0.057452129325269385,
      0.007048512270711061,
      0.004180978832732062,
      0.0004323370857607614
    ],
    [
      0.3014622675804439,
      0.05735815057308115,
      0.008343463955775754,
      0.004230579303508971,
      0.0003959160801980133
    ],
    [
      0.2721534870751334,
      0.061078313741300586,
      0.00893380386116581,
      0.004205999844181372,
      0.00035623104154124347
    ],
    [
      0.24175891315686115,
      0.059037290688271016,
      0.009471693188005795,
      0.0035653272862388504,
      0.00033181094516944036
    ],
    [
      0.2734860942644436,
      0.05497074802870709,
      0.009524590217569144,
      0.004583746521443156,
      0.0003334963959453673
    ],
    [
      0.3031958604287468,
      0.050707059548826316,
      0.009105300923100966,
      0.005919622205401289,
      0.00034377943847230995
    ],
    [
      0.3318592249016331,
      0.04844745336866147,
      0.010962044364934784,
      0.0059476358311045365,
      0.00034394735902404643
    ],
    [
      0.3083967683528436,
      0.04650690305751057,
      0.010804634031350121,
      0.005897072299447256,
      0.00034447947591035357
    ],
    [
      0.30751717046365323,
      0.049346624018663306,
      0.010300865188086612,
      0.005997095747807978,
      0.00035582421438132197
    ],
    [
      0.3066383657321635,
      0.05029647668746604,
      0.009851500455700338,
      0.005986100090409461,
      0.00035701628473660434
    ],
    [
      0.28215900565533364,
      0.04845278453406063,
      0.009419846482363707,
      0.005711301433533493,
      0.00034478809702933894
    ],
    [
      0.27332169631419323,
      0.058281952559454314,
      0.009416974338756259,
      0.005714041141020508,
      0.00033922545222525276
    ],
    [
      0.30961757497694675,
      0.0639909749715184,
      0.00937839516476175,
      0.00570054930319324,
      0.0003697213239379908
    ],
    [
      0.3413160922312004,
      0.0641970615867242,
      0.0069176375373053685,
      0.005772026034656999,
      0.0004054172169027693
    ],
    [
      0.34116326801227614,
      0.06328419127734378,
      0.007256334646476653,
      0.00592639103785901,
      0.00041538020196018336
    ],
    [
      0.3005117745740659,
      0.06326991169234768,
      0.006467771563611275,
      0.00522616452434953,
      0.0003979879114793237
    ],
    [
      0.30063634210335344,
      0.06227245079535901,
      0.006591098665834977,
      0.0049824037054375155,
      0.0004040000452927919
    ],
    [
      0.271832521189011,
      0.06574314837724346,
      0.006862318998930219,
      0.005159908799094781,
      0.00038255188685402963
    ],
    [
      0.31056154631807437,
      0.06533806568191501,
      0.006734271730378863,
      0.004819939206617779,
      0.00040465556718380846
    ],
    [
      0.3106727754492371,
      0.06561237882182483,
      0.008472340593037676,
      0.005255163614690373,
      0.00041424022114137205
    ],
    [
      0.3107412795609224,
      0.06285577029950358,
      0.010443287705069594,
      0.005375348837572068,
      0.00040794924216456917
    ],
    [
      0.3108446150083167,
      0.05877965737420382,
      0.010431132166999289,
      0.005335162867001486,
      0.00042116942481961296
    ],
    [
      0.27586467192402603,
      0.05932884867880039,
      0.01052684116854561,
      0.00501351441813971,
      0.00043143441062659893
    ],
    [
      0.276221498226385,
      0.05427029322722258,
      0.010285418411918264,
      0.00511640051138639,
      0.00045853222516813993
    ],
    [
      0.31625485778036533,
      0.04701026774893932,
      0.010789578201531631,
      0.005136043945557054,
      0.0004811131913952218
    ],
    [
      0.31639440513918166,
      0.04292878809457668,
      0.010811118825426989,
      0.005145331404469656,
      0.0005091645772543013
    ],
    [
      0.31643910488782356,
      0.03793463763164686,
      0.013045280458535258,
      0.005200616481662485,
      0.0005289707123767349
    ],
    [
      0.3449666412479479,
      0.041553038949397776,
      0.013375711328474219,
      0.0045842426860988736,
      0.0005661968059034278
    ],
    [
      0.31313037437150293,
      0.043074504287067494,
      0.012483824208504085,
      0.004072261466992693,
      0.0005356932304888993
    ],
    [
      0.31314713888966494,
      0.03778614181809091,
      0.014628582555273833,
      0.004161206673509342,
      0.0005297621792438063
    ],
    [
      0.31321412048567177,
      0.03536915108844777,
      0.012944490283956526,
      0.003960971492649986,
      0.0006500280948574792
    ],
    [
      0.3441889264728574,
      0.036707099880570214,
      0.012751444636438021,
      0.0032573628680649808,
      0.0007044635629696302
    ],
    [
      0.34428351479099656,
      0.034151153012870784,
      0.012900744861375286,
      0.0029296918979780863,
      0.0008328916353238724
    ],
    [
      0.38286256410923686,
      0.03169700446826591,
      0.012780860441604572,
      0.0027033464504481624,
      0.0010594814366320453
    ],
    [
      0.381188120484492,
      0.027979315855964023,
      0.012535243843832351,
      0.0031150914625876877,
      0.001185481543302495
    ],
    [
      0.34735676120695214,
      0.026026926904110712,
      0.01097451462141825,
      0.0031134782546050144,
      0.001364716803109151
    ],
    [
      0.3118999831829825,
      0.027491355724520897,
      0.010268018381227779,
      0.0026798657898966707,
      0.0015664567059781515
    ],
    [
      0.3498615157894635,
      0.02672781203445145,
      0.010529361527437997,
      0.002537463491347571,
      0.0016969088298773188
    ],
    [
      0.34984849874147034,
      0.025390580693128675,
      0.010361155246554342,
      0.00230782733223136,
      0.0020012910049341573
    ],
    [
      0.34993451031063066,
      0.030097286248602747,
      0.01091169205544108,
      0.0021899562076483766,
      0.001901388119922738
    ],
    [
      0.34991061552946345,
      0.02855566152969807,
      0.00999128269122154,
      0.0027880580703048795,
      0.001742092087032634
    ],
    [
      0.31320866298767525,
      0.03278126417645115,
      0.009984945522389366,
      0.002921750238413749,
      0.0015640245411363564
    ],
    [
      0.27312645576178607,
      0.03564943740712372,
      0.009861174147430004,
      0.003015451525651683,
      0.0014439627402319248
