{
  "timestamp": "2025-12-01T03:29:03.639950",
  "T": 3000,
  "window": 100,
  "seeds": [
    42
  ],
  "results": [
    {
      "seed": 42,
      "micro_neo": [
        [
          44.117647058823536,
          95.660088752199
        ],
        [
          43.47826086956522,
          78.96180360556924
        ],
        [
          37.5,
          61.97998761486698
        ]
      ],
      "micro_eva": [
        [
          44.117647058823536,
          101.7349979593445
        ],
        [
          38.96103896103896,
          72.38091690746619
        ],
        [
          49.180327868852466,
          56.65440133989889
        ]
      ],
      "macro_crisis": [
        [
          3.0,
          20.420577856662135
        ],
        [
          3.3333333333333335,
          16.427637005477877
        ],
        [
          2.142857142857143,
          14.395571097608515
        ]
      ],
      "macro_psi": [
        [
          2.7272727272727275,
          0.18035940009538412
        ],
        [
          2.0,
          0.13133349271475828
        ],
        [
          10.0,
          0.12255500950360461
        ]
      ],
      "macro_corr": [
        [
          2.5,
          3.462935822027242
        ],
        [
          10.0,
          2.5363364302828315
        ],
        [
          2.142857142857143,
          2.450561909446359
        ]
      ],
      "raw_crisis_per_window": [
        4,
        5,
        7,
        4,
        8,
        5,
        6,
        5,
        4,
        5,
        6,
        3,
        6,
        4,
        6,
        7,
        5,
        4,
        6,
        8,
        4,
        4,
        6,
        5,
        4,
        13,
        5,
        7,
        9,
        3
      ],
      "raw_psi_per_window": [
        0.1352868648950963,
        0.17182552606921445,
        0.16387840615513422,
        0.14629728178631046,
        0.18475464273427833,
        0.1683385608229119,
        0.15340743611114302,
        0.20139115999549545,
        0.16626227469479896,
        0.18319449368974788,
        0.18007071530086446,
        0.19313630159230866,
        0.1706283031643321,
        0.1700928162924435,
        0.1495030070791964,
        0.17390630132047538,
        0.17729887095997374,
        0.18734604573222652,
        0.21284981613764084,
        0.16109284163790602,
        0.1759466407751738,
        0.181897567192968,
        0.1599959512860053,
        0.18226793040772557,
        0.1643949377327687,
        0.16323164377214727,
        0.1588678639135356,
        0.18714900128691403,
        0.1724174672923276,
        0.18572921934823255
      ]
    }
  ],
  "summary": {
    "micro_period_neo": 44.117647058823536,
    "micro_period_eva": 44.117647058823536,
    "macro_period": 300.0,
    "hierarchy_detected": "True"
  }
}