{
  "ablation": "baseline",
  "cycles": 5000,
  "bilateral_events": 51,
  "auc": 0.7049109030013332,
  "rho_p95": 1.1804601304796212,
  "var_p25": 0.04630491486573647
}