{
  "neo": {
    "pulls": {
      "-1": 17,
      "0": 15,
      "1": 10
    },
    "mean_rewards": {
      "-1": 0.42905766652005256,
      "0": 0.38530512711029,
      "1": 0.4941493997636584
    },
    "alpha": {
      "-1": 4.9115858115182345,
      "0": 3.83273515023708,
      "1": 3.3699572525082186
    },
    "beta": {
      "-1": 6.904778480237498,
      "0": 7.2090736249136,
      "1": 3.9109114541626093
    },
    "specialization": "mdl",
    "metric_weights": [
      0.2969340663701684,
      0.5028084396087804,
      0.20025749402105117
    ]
  },
  "eva": {
    "pulls": {
      "-1": 17,
      "0": 16,
      "1": 9
    },
    "mean_rewards": {
      "-1": 0.5565953782429254,
      "0": 0.5682554613770174,
      "1": 0.4907328689780699
    },
    "alpha": {
      "-1": 7.870435183374533,
      "0": 7.545670424685769,
      "1": 2.4492472653859636
    },
    "beta": {
      "-1": 4.521504509730651,
      "0": 3.590093965407525,
      "1": 2.486315789473684
    },
    "specialization": "mi_te",
    "metric_weights": [
      0.19344133486103374,
      0.20296206171977788,
      0.6035966034191884
    ]
  }
}