{
  "phase": "S1",
  "name": "Phenomenal State",
  "timestamp": "2025-12-01T01:23:58.228459",
  "metrics": {
    "t": 400,
    "current": {
      "integration": 0.5456809171975049,
      "irreversibility": 2.352987643526956e-16,
      "self_surprise": 0.9957227242861355,
      "identity": 0.4415363151007673,
      "time_sense": 0.4902391907575379,
      "loss": 0.4145029398803211,
      "otherness": 0.7338848309917688,
      "psi": 0.26207514731106696
    },
    "current_mode": 0,
    "mode_distribution": {
      "0": 0.9775,
      "2": 0.02,
      "1": 0.0025
    },
    "n_modes": 3
  },
  "criteria": {
    "all_components_valid": true,
    "components_vary": "True",
    "modes_differentiated": true,
    "sigma_phi_computed": true,
    "psi_integrated": "True"
  },
  "go_status": "GO",
  "passed_criteria": "5",
  "total_criteria": 5
}