{
  "phase": "WEAVER",
  "name": "World Emergence via Autonomous VEctor Reasoning",
  "timestamp": "2025-12-01T01:07:52.617800",
  "indices": {
    "computed": true,
    "MSI": 0.9595571304713659,
    "SCI": 0.881279137280035,
    "EGI": 0.6811249191501063,
    "MSI_mean": 0.8564195983216986,
    "SCI_mean": 0.8780731383870863,
    "EGI_mean": 0.6868893415013434,
    "trends": {
      "MSI_trend": 0.0005010902663711732,
      "SCI_trend": 3.27955754054249e-05,
      "EGI_trend": -3.169208690963143e-05
    }
  },
  "graph": {
    "nodes": [
      "R9",
      "R10",
      "R3",
      "R2",
      "R1",
      "R4",
      "R6",
      "R8",
      "R7",
      "R5"
    ],
    "n_edges": 19,
    "te_threshold": 0.003381246954501517,
    "edges": {
      "R9": [
        "R3",
        "R7",
        "R8"
      ],
      "R10": [
        "R7",
        "R4"
      ],
      "R2": [
        "R4",
        "R6",
        "R5"
      ],
      "R4": [
        "R3",
        "R2",
        "R8"
      ],
      "R6": [
        "R9",
        "R7",
        "R10",
        "R8"
      ],
      "R5": [
        "R3",
        "R4",
        "R6",
        "R8"
      ]
    },
    "centrality": {
      "R9": 0.020696275442240633,
      "R10": 0.020696275442240633,
      "R3": 0.03564911426041331,
      "R2": 0.025087210424157323,
      "R1": 0.015000000000000003,
      "R4": 0.03560191914408466,
      "R6": 0.026806002081132384,
      "R8": 0.04134538970265394,
      "R7": 0.03535613721382775,
      "R5": 0.022108042953511244
    },
    "cycles": [
      [
        "R4",
        "R2",
        "R4"
      ],
      [
        "R10",
        "R4",
        "R2",
        "R6",
        "R10"
      ],
      [
        "R4",
        "R2",
        "R5",
        "R4"
      ]
    ]
  },
  "criteria": {
    "indices_computed": true,
    "msi_positive": true,
    "sci_healthy": true,
    "egi_trending": true,
    "graph_functional": true
  },
  "go_status": "GO",
  "passed_criteria": 5,
  "total_criteria": 5
}