{
  "J": [
    [
      0.7496918355196477,
      -0.15774938015937384,
      -0.3416383662469573
    ],
    [
      -0.2501930115977552,
      0.6989650684464866,
      -0.19858533195486885
    ],
    [
      -0.24949882392188016,
      -0.2912156882871332,
      0.7902236982018677
    ]
  ],
  "eigvals_real": [
    0.25000000000001116,
    0.9944403010839955,
    0.9944403010839955
  ],
  "eigvals_imag": [
    0.0,
    0.010120821585949725,
    -0.010120821585949725
  ],
  "eigvecs_real": [
    [
      -0.5771808774279564,
      -0.5771702383051561,
      -0.5776995332750957
    ],
    [
      -0.8144616643966573,
      0.4291345090977814,
      0.38532715529887224
    ],
    [
      -0.8144616643966573,
      0.4291345090977814,
      0.38532715529887224
    ]
  ],
  "eigvecs_imag": [
    [
      0.0,
      0.0,
      0.0
    ],
    [
      0.0,
      -0.04482607343338612,
      0.0448260734333899
    ],
    [
      -0.0,
      0.04482607343338612,
      -0.0448260734333899
    ]
  ],
  "rho": 0.9944918015999942,
  "bias": [
    0.2503040891133371,
    0.25018672489381455,
    0.2495091859928458
  ],
  "rmse": 0.0007817817711289924,
  "T": 10176,
  "stable": true
}