{
  "metric": "variance",
  "observed": 0.010735233816722256,
  "null_median": 0.010735233816722251,
  "null_p25": 0.01073523381672225,
  "null_p75": 0.010735233816722251,
  "p_hat": 0.0,
  "B": 1008,
  "T": 10176
}