{
  "method": "delta_correlation",
  "by_mode": {
    "-1": {
      "n": 111,
      "r_dS": 0.11942590721254648,
      "p_dS": 0.21186253477347125,
      "r_dN": 0.13845647215186385,
      "p_dN": 0.14727994751774043,
      "r_dC": 0.10745323757297523,
      "p_dC": 0.2616378430005634,
      "r_mean": 0.12177853897912853
    },
    "0": {
      "n": 295,
      "r_dS": 0.057773537782927396,
      "p_dS": 0.3227089045269282,
      "r_dN": 0.06386626174023463,
      "p_dN": 0.274218853048373,
      "r_dC": 0.06803390792536076,
      "p_dC": 0.24405547126303018,
      "r_mean": 0.0632245691495076
    },
    "1": {
      "n": 119,
      "r_dS": -0.07860665642840446,
      "p_dS": 0.39545734194916515,
      "r_dN": 0.16841433263122316,
      "p_dN": 0.06711662681819548,
      "r_dC": 0.22821860390224238,
      "p_dC": 0.01254862395280178,
      "r_mean": 0.10600876003502036
    }
  }
}