{
  "T": 2000,
  "p_neo": 0.497,
  "p_eva": 0.5115,
  "p_both": 0.252,
  "p_independent": 0.2542155,
  "consent_lift": 0.9912849531204825,
  "ci_95_lower": 0.9475806291337185,
  "ci_95_upper": 1.0343848105534346,
  "bootstrap_median": 0.991175492314676,
  "bootstrap_se": 0.022119518038470145,
  "p_value_lift_gt_1": 0.6528,
  "log_lift": -0.008753244994749483,
  "log_ci_95": [
    -0.053843248952013936,
    0.033806864058674266
  ]
}