{
  "ts": 1764500823.1545508,
  "hours_window": 12.0,
  "NEO": {
    "world": "NEO",
    "t0": 1,
    "t": 2000,
    "n": 2000,
    "last_I": [
      0.14045234122597755,
      0.7553049715817197,
      0.10424268719230276
    ],
    "var_last1k": {
      "S": 0.07620958068649929,
      "N": 0.060173999157299624,
      "C": 0.07282397730668008
    },
    "prop_rate": 0.2535,
    "gate_rate": 1.0,
    "modes": {},
    "cuts": {
      "count": 0,
      "top": []
    },
    "recent_len": 2000,
    "recent_last_hours": 12.0,
    "source": "jsonl"
  },
  "EVA": {
    "world": "EVA",
    "t0": 1,
    "t": 2000,
    "n": 2000,
    "last_I": [
      0.41517629626358593,
      0.4922144467861152,
      0.09260925695029887
    ],
    "var_last1k": {
      "S": 0.07702875286862751,
      "N": 0.07065276790337353,
      "C": 0.0762901985567612
    },
    "prop_rate": 0.2525,
    "gate_rate": 1.0,
    "modes": {},
    "cuts": {
      "count": 0,
      "top": []
    },
    "recent_len": 2000,
    "recent_last_hours": 12.0,
    "source": "jsonl"
  },
  "COUPLING": {
    "events": 525,
    "pNEO": 1.0,
    "pEVA": 1.0,
    "both_rate": 1.0,
    "lift": 1.0,
    "mode_pairs_top": [
      [
        [
          0,
          0
        ],
        151
      ],
      [
        [
          1,
          0
        ],
        77
      ],
      [
        [
          0,
          1
        ],
        74
      ],
      [
        [
          0,
          -1
        ],
        70
      ],
      [
        [
          -1,
          0
        ],
        53
      ],
      [
        [
          -1,
          1
        ],
        35
      ]
    ]
  }
}