{
  "timestamp": "2025-11-30T17:44:37.934671",
  "n_steps": 500,
  "seed": 42,
  "prototype_sensitivity": {
    "neo": {
      "quantile_levels": [
        50,
        60,
        70,
        80,
        90
      ],
      "n_prototypes": [
        10,
        8,
        5,
        2,
        1
      ],
      "thresholds": [
        0.6258606489785014,
        0.7213463091941527,
        0.8058893407905721,
        0.9057774151484077,
        1.0268978570382366
      ],
      "smoothness_score": 0.978181957128119,
      "steps": []
    },
    "eva": {
      "quantile_levels": [
        50,
        60,
        70,
        80,
        90
      ],
      "n_prototypes": [
        10,
        7,
        5,
        3,
        1
      ],
      "thresholds": [
        0.6043598704757557,
        0.6909306500817592,
        0.7890956295800736,
        0.8906872416093491,
        1.03145962767739
      ],
      "smoothness_score": 0.9771621582321341,
      "steps": []
    }
  },
  "clustering_robustness": {
    "neo": {
      "metrics_compared": [
        "euclidean",
        "spearman",
        "manhattan"
      ],
      "agreement_scores": {
        "overall": 0.0
      },
      "rank_correlations": {
        "euclidean_vs_spearman": 0.0,
        "euclidean_vs_manhattan": 0.0,
        "spearman_vs_manhattan": 0.0
      }
    },
    "eva": {
      "metrics_compared": [
        "euclidean",
        "spearman",
        "manhattan"
      ],
      "agreement_scores": {
        "overall": 0.0
      },
      "rank_correlations": {
        "euclidean_vs_spearman": 0.0,
        "euclidean_vs_manhattan": 0.0,
        "spearman_vs_manhattan": 0.0
      }
    }
  },
  "transition_null": {
    "neo": {
      "n_shuffles": 21,
      "real_asymmetry": 1.062549174156204,
      "null_asymmetries": [
        1.0882559089798987,
        1.0861071008325869,
        1.0897752491347397,
        1.0928297736964632,
        1.0804983475677252,
        1.082292019719781,
        1.0882357054924097,
        1.0863966958484386,
        1.0877280844690351,
        1.0875704751965558,
        1.0902714172667214,
        1.087592107415013,
        1.081470567144306,
        1.0827398725655364,
        1.089542817141477,
        1.0887679130267323,
        1.0916789688712716,
        1.090959973232766,
        1.0783869248991325,
        1.090145453999177,
        1.0932342019079737
      ],
      "p_value": 1.0,
      "significant": false,
      "z_score": -6.179099280920627
    },
    "eva": {
      "n_shuffles": 21,
      "real_asymmetry": 1.0680242068072825,
      "null_asymmetries": [
        1.0624560679978876,
        1.0690501726113928,
        1.0635568215642706,
        1.0679087190076477,
        1.06785323056459,
        1.0712728488617982,
        1.073721215484669,
        1.0717726728948058,
        1.0682326259240584,
        1.067851601635081,
        1.0688433597312552,
        1.06812300386909,
        1.0736588647929115,
        1.0682811310173312,
        1.0650565067958715,
        1.062216293790036,
        1.067195678892765,
        1.0681953845062797,
        1.0676104547969845,
        1.0669364691066618,
        1.0660170908879298
      ],
      "p_value": 0.47619047619047616,
      "significant": false,
      "z_score": 0.04271706221565215
    }
  },
  "gnt_curvature": {
    "n_simulations": 22,
    "real_curvature": 33.22634713892862,
    "null_curvatures": [
      13.877700550218224,
      14.077123634906757,
      13.631476524775456,
      13.650408209081974,
      14.606823912194375,
      14.598135080481951,
      14.396678938942642,
      14.820437422950537,
      14.740764089352753,
      14.320523313079493,
      14.987629191691314,
      14.742490262450342,
      14.102910416367315,
      14.064936907035412,
      13.849975788015483,
      14.543434654158773,
      14.32403760957812,
      14.818488360676723,
      14.279862931660729,
      14.464143402817943,
      13.913642045810626,
      14.0502145108852
    ],
    "p_value": 1.0,
    "intentionality_score": -1.3215885490075454
  },
  "bootstrap_ci": {
    "unity": {
      "mean": 0.4295,
      "std": 0.14630362264824476,
      "ci_lower": 0.417,
      "ci_upper": 0.44345,
      "ci_level": 0.95,
      "n_samples": 500,
      "n_bootstrap": 223
    },
    "self_reference": {
      "mean": 0.051,
      "std": 0.21885840171215723,
      "ci_lower": 0.03355000000000001,
      "ci_upper": 0.07244999999999999,
      "ci_level": 0.95,
      "n_samples": 500,
      "n_bootstrap": 223
    },
    "differentiation": {
      "mean": 0.741545334032786,
      "std": 0.06694909434030373,
      "ci_lower": 0.7354337291911333,
      "ci_upper": 0.7467974629231025,
      "ci_level": 0.95,
      "n_samples": 500,
      "n_bootstrap": 223
    }
  },
  "stratified": {
    "by_state": {
      "state_0": {
        "n_visits": 24,
        "indicators": {
          "unity": {
            "mean": 0.4479166666666667,
            "std": 0.17646952443851474,
            "n": 24
          },
          "self_reference": {
            "mean": 0.1875,
            "std": 0.37673211083385677,
            "n": 24
          },
          "differentiation": {
            "mean": 0.6625659710975187,
            "std": 0.21446252435484936,
            "n": 24
          }
        }
      },
      "state_6": {
        "n_visits": 21,
        "indicators": {
          "unity": {
            "mean": 0.40476190476190477,
            "std": 0.19633836312465053,
            "n": 21
          },
          "self_reference": {
            "mean": 0.09523809523809523,
            "std": 0.29354352395090366,
            "n": 21
          },
          "differentiation": {
            "mean": 0.7264224369904915,
            "std": 0.06686410317043726,
            "n": 21
          }
        }
      },
      "state_7": {
        "n_visits": 6,
        "indicators": {
          "unity": {
            "mean": 0.3333333333333333,
            "std": 0.1863389981249825,
            "n": 6
          },
          "self_reference": {
            "mean": 0.0,
            "std": 0.0,
            "n": 6
          },
          "differentiation": {
            "mean": 0.7167710886080991,
            "std": 0.06219536627287037,
            "n": 6
          }
        }
      }
    },
    "by_integration_level": {
      "low_integration": {
        "n": 22,
        "indicators": {
          "unity": {
            "mean": 0.0,
            "std": 0.0,
            "n": 22
          },
          "self_reference": {
            "mean": 0.06818181818181818,
            "std": 0.22840626411638387,
            "n": 22
          },
          "differentiation": {
            "mean": 0.674357210391448,
            "std": 0.2164309193824219,
            "n": 22
          }
        }
      },
      "high_integration": {
        "n": 13,
        "indicators": {
          "unity": {
            "mean": 0.75,
            "std": 0.0,
            "n": 13
          },
          "self_reference": {
            "mean": 0.3076923076923077,
            "std": 0.46153846153846156,
            "n": 13
          },
          "differentiation": {
            "mean": 0.764432018042965,
            "std": 0.06753969939245416,
            "n": 13
          }
        }
      },
      "unity_difference": {
        "statistic": 0.0,
        "p_value": 6.226274238332986e-09,
        "significant": "True",
        "direction": "higher_in_high_integration"
      },
      "self_reference_difference": {
        "statistic": 110.0,
        "p_value": 0.09010621814257044,
        "significant": "False",
        "direction": "higher_in_high_integration"
      },
      "differentiation_difference": {
        "statistic": 116.0,
        "p_value": 0.36559337149126026,
        "significant": "False",
        "direction": "higher_in_high_integration"
      }
    },
    "peak_analysis": {
      "n_peaks": 13,
      "peak_threshold": 0.5,