{
  "cycles": 500,
  "elapsed": 0.2638847827911377,
  "coupling_enabled": true,
  "bus_counts": {
    "NEO": 13,
    "EVA": 9
  },
  "neo": {
    "initial_I": [
      1.0,
      0.0,
      0.0
    ],
    "final_I": [
      0.25349673210407264,
      0.14330084381604255,
      0.6032024240798848
    ],
    "variance": {
      "S": 0.03445659397969119,
      "N": 0.0013829780078457796,
      "C": 0.03308134411926417,
      "total": 0.2670490180082169
    },
    "gate_activations": 148,
    "coupling_activations": 138
  },
  "eva": {
    "initial_I": [
      0.3333333333333333,
      0.3333333333333333,
      0.3333333333333333
    ],
    "final_I": [
      0.06424726003439477,
      0.43081051681791993,
      0.5049422231476853
    ],
    "variance": {
      "S": 0.0024863041858169785,
      "N": 0.01916048609998496,
      "C": 0.02694913963351688,
      "total": 0.2103702943356917
    },
    "gate_activations": 154,
    "coupling_activations": 145
  }
}