{
  "cycles": 1000,
  "elapsed": 3.1013009548187256,
  "coupling_enabled": true,
  "bus_counts": {
    "NEO": 100,
    "EVA": 71
  },
  "neo": {
    "initial_I": [
      1.0,
      0.0,
      0.0
    ],
    "final_I": [
      0.03679240882229578,
      0.9537440628747272,
      0.009463528302976995
    ],
    "variance": {
      "S": 0.002454992409477592,
      "N": 0.002546989111183601,
      "C": 3.72680616764553e-05,
      "total": 0.619773479756225
    },
    "gate_activations": 998,
    "coupling_activations": 970,
    "quantiles": {
      "T": 100,
      "w": 10,
      "max_hist": 100,
      "sigma_med": 9.445922628013188e-05,
      "rho_quantiles": {
        "p50": 0.9992413920573032,
        "p75": 1.0189968664631948,
        "p95": 1.068217892497899,
        "p97.5": 1.0722392084619357
      },
      "iqr_quantiles": {
        "p50": 1.293485545683684e-05,
        "p75": 1.5869885018825186e-05,
        "p95": 3.326611745684152e-05
      },
      "tau_quantiles": {
        "p50": 9.002398347997555e-06,
        "p75": 1.0335911882496742e-05,
        "p99": 1.2183236268117362e-05
      },
      "ou_limits": {
        "clip_min_mean": -0.055090867359688975,
        "clip_max_mean": 0.09476469337401833
      }
    }
  },
  "eva": {
    "initial_I": [
      0.3333333333333333,
      0.3333333333333333,
      0.3333333333333333
    ],
    "final_I": [
      0.8522083977829958,
      0.14234441827341698,
      0.005447183943587076
    ],
    "variance": {
      "S": 0.003430378382005598,
      "N": 0.0017853167608121773,
      "C": 0.0018246727305691666,
      "total": 0.5353887235774846
    },
    "gate_activations": 716,
    "coupling_activations": 707,
    "quantiles": {
      "T": 100,
      "w": 10,
      "max_hist": 100,
      "sigma_med": 0.00047041980825381226,
      "rho_quantiles": {
        "p50": 1.004389766603965,
        "p75": 1.0218263210332816,
        "p95": 1.0461749371698457,
        "p97.5": 1.0645619475347496
      },
      "iqr_quantiles": {
        "p50": 7.079539697837495e-05,
        "p75": 8.424621069501804e-05,
        "p95": 0.00010991437043532497
      },
      "tau_quantiles": {
        "p50": 4.2528471664896135e-05,
        "p75": 4.252847166490261e-05,
        "p99": 4.252847166490412e-05
      },
      "ou_limits": {
        "clip_min_mean": -0.04087959560133589,
        "clip_max_mean": 0.1897969556093967
      }
    }
  }
}