{
  "cycles": 500,
  "elapsed": 1.1178929805755615,
  "coupling_enabled": true,
  "bus_counts": {
    "NEO": 6,
    "EVA": 45
  },
  "neo": {
    "initial_I": [
      1.0,
      0.0,
      0.0
    ],
    "final_I": [
      0.6878326741253646,
      0.1984889697639926,
      0.11367835611064274
    ],
    "variance": {
      "S": 0.04646388489085291,
      "N": 0.04917424457951359,
      "C": 0.0038442920965759235,
      "total": 0.28245365758528995
    },
    "gate_activations": 74,
    "coupling_activations": 54,
    "quantiles": {
      "T": 100,
      "w": 10,
      "max_hist": 100,
      "sigma_med": 0.003684319882760599,
      "rho_quantiles": {
        "p50": 1.0021140176712042,
        "p75": 1.027452581235023,
        "p95": 1.067436134981141,
        "p97.5": 1.0872667916129544
      },
      "iqr_quantiles": {
        "p50": 0.0006751085865091362,
        "p75": 0.0008954712056863971,
        "p95": 0.0013010641254020253
      },
      "tau_quantiles": {
        "p50": 0.0001599070646035761,
        "p75": 0.0005830976856242903,
        "p99": 0.001579287796521316
      },
      "ou_limits": {
        "clip_min_mean": -0.19193781429338502,
        "clip_max_mean": 1.022457777613152
      }
    }
  },
  "eva": {
    "initial_I": [
      0.3333333333333333,
      0.3333333333333333,
      0.3333333333333333
    ],
    "final_I": [
      0.007046338447733745,
      0.004283732218503607,
      0.9886699293337626
    ],
    "variance": {
      "S": 0.009275491839170898,
      "N": 0.000704991564755139,
      "C": 0.01196193279091383,
      "total": 0.6092498020824253
    },
    "gate_activations": 452,
    "coupling_activations": 443,
    "quantiles": {
      "T": 100,
      "w": 10,
      "max_hist": 100,
      "sigma_med": 8.574420393170366e-05,
      "rho_quantiles": {
        "p50": 1.0017450190860855,
        "p75": 1.0196608220207497,
        "p95": 1.0584146234049974,
        "p97.5": 1.0767125068513534
      },
      "iqr_quantiles": {
        "p50": 1.5033362639049472e-05,
        "p75": 1.809814005978805e-05,
        "p95": 2.3052800863310424e-05
      },
      "tau_quantiles": {
        "p50": 8.43729791214196e-06,
        "p75": 8.437332559711886e-06,
        "p99": 8.43734416779533e-06
      },
      "ou_limits": {
        "clip_min_mean": -0.08950953508080868,
        "clip_max_mean": 0.10586535141453682
      }
    }
  }
}