{
  "cycles": 500,
  "elapsed": 0.2891535758972168,
  "coupling_enabled": false,
  "bus_counts": {
    "NEO": 0,
    "EVA": 0
  },
  "neo": {
    "initial_I": [
      1.0,
      0.0,
      0.0
    ],
    "final_I": [
      0.9198921940381144,
      0.021977161632117746,
      0.058130644329767854
    ],
    "variance": {
      "S": 0.008249716612770712,
      "N": 0.0026375162677591464,
      "C": 0.00676539299261469,
      "total": 0.3703101334981905
    },
    "gate_activations": 162,
    "coupling_activations": 0
  },
  "eva": {
    "initial_I": [
      0.3333333333333333,
      0.3333333333333333,
      0.3333333333333333
    ],
    "final_I": [
      0.0006600712906219783,
      0.8609329820452036,
      0.13840694666417444
    ],
    "variance": {
      "S": 0.009100184726707792,
      "N": 0.024615615107768128,
      "C": 0.00676594271009364,
      "total": 0.16805170082787418
    },
    "gate_activations": 224,
    "coupling_activations": 0
  }
}