{
  "cycles": 500,
  "elapsed": 0.5194270610809326,
  "coupling_enabled": false,
  "bus_counts": {
    "NEO": 0,
    "EVA": 0
  },
  "neo": {
    "initial_I": [
      1.0,
      0.0,
      0.0
    ],
    "final_I": [
      0.12022030835114025,
      0.0023479746792100403,
      0.8774317169696496
    ],
    "variance": {
      "S": 0.011187343782568932,
      "N": 0.0868525564519184,
      "C": 0.07846133967859563,
      "total": 0.35596377952560154
    },
    "gate_activations": 24,
    "coupling_activations": 0,
    "quantiles": {
      "T": 100,
      "w": 10,
      "max_hist": 100,
      "sigma_med": 0.00014263467574150858,
      "rho_quantiles": {
        "p50": 0.9959138834861646,
        "p75": 1.0203766914195624,
        "p95": 1.0561641971445856,
        "p97.5": 1.0655438794190963
      },
      "iqr_quantiles": {
        "p50": 2.541902552835973e-05,
        "p75": 2.9984630814392112e-05,
        "p95": 3.6521177267911584e-05
      },
      "tau_quantiles": {
        "p50": 0.005086008856633092,
        "p75": 0.01654599790048244,
        "p99": 0.03406910356445622
      },
      "ou_limits": {
        "clip_min_mean": -1.410435975189116,
        "clip_max_mean": 0.48666291470532924
      }
    }
  },
  "eva": {
    "initial_I": [
      0.3333333333333333,
      0.3333333333333333,
      0.3333333333333333
    ],
    "final_I": [
      0.46450135396513165,
      0.3950323239853536,
      0.14046632204951476
    ],
    "variance": {
      "S": 0.021751310270638567,
      "N": 0.025583864034074033,
      "C": 0.009045806193230727,
      "total": 0.2888534377603664
    },
    "gate_activations": 93,
    "coupling_activations": 0,
    "quantiles": {
      "T": 100,
      "w": 10,
      "max_hist": 100,
      "sigma_med": 0.0039077078800841296,
      "rho_quantiles": {
        "p50": 1.0042101950704279,
        "p75": 1.0253128186112956,
        "p95": 1.0556320932261225,
        "p97.5": 1.066551890232863
      },
      "iqr_quantiles": {
        "p50": 0.0005456885644078753,
        "p75": 0.000689188790220497,
        "p95": 0.0008229246884898504
      },
      "tau_quantiles": {
        "p50": 9.871924103797765e-05,
        "p75": 0.00047261577512730166,
        "p99": 0.0010685364967548993
      },
      "ou_limits": {
        "clip_min_mean": -0.09022250070147042,
        "clip_max_mean": 0.21900002281714445
      }
    }
  }
}