{
  "bilateral_events": 525,
  "by_mode": {
    "-1": {
      "n": 111,
      "r_S": -0.20516061364211777,
      "p_S": 0.030767591292486168,
      "r_N": -0.06061631214381564,
      "p_N": 0.52739689763028,
      "r_C": -0.21723213196172395,
      "p_C": 0.022009994871498486,
      "r_mean": -0.16100301924921911
    },
    "0": {
      "n": 295,
      "r_S": -0.015987865400043613,
      "p_S": 0.7845055938085975,
      "r_N": 0.09808918280595516,
      "p_N": 0.09263830041762564,
      "r_C": -0.04852457544714206,
      "p_C": 0.40631954797454956,
      "r_mean": 0.01119224731958983
    },
    "1": {
      "n": 119,
      "r_S": -0.25578398783449546,
      "p_S": 0.004989873065023904,
      "r_N": -0.05660698940548304,
      "p_N": 0.540880563168935,
      "r_C": -0.06682817999863673,
      "p_C": 0.4702193071241043,
      "r_mean": -0.12640638574620508
    }
  }
}