{"t": 16, "S": 0.3698843913125449, "components": {"otherness": 0.5, "time_sense": 0.004485450699219439, "irreversibility": 0.5207597647995325, "opacity": 0.0, "surprise": 0.5, "causality": 0.06666666666666667, "stability": 0.9972788570223957}, "S_history_len": 16, "S_mean": 0.37766235183247066, "S_trend": -0.0009683528258580432, "resources": {"memory_gb": 0.0, "files": 15, "code_mods": 0}}