{"t": 81, "S": 0.3642857171731083, "components": {"otherness": 0.5, "time_sense": 1.006532963800395e-08, "irreversibility": 0.500000010146429, "opacity": 0.0, "surprise": 0.5, "causality": 0.05, "stability": 0.9999999999999996}, "S_history_len": 81, "S_mean": 0.36714799847594715, "S_trend": -1.6455759810352077e-09, "resources": {"memory_gb": 0.0, "files": 80, "code_mods": 0}}