{"t": 12, "S": 0.37472615544183513, "components": {"otherness": 0.5, "time_sense": 0.00932392788633068, "irreversibility": 0.5295986576475431, "opacity": 0.0, "surprise": 0.5, "causality": 0.09090909090909091, "stability": 0.9932514116498812}, "S_history_len": 12, "S_mean": 0.3802451783179637, "S_trend": -0.002751121091421324, "resources": {"memory_gb": 0.0, "files": 11, "code_mods": 0}}