{"t": 74, "S": 0.3642857270836517, "components": {"otherness": 0.5, "time_sense": 4.5364345741479e-08, "irreversibility": 0.5000000442212232, "opacity": 0.0, "surprise": 0.5, "causality": 0.05, "stability": 0.9999999999999927}, "S_history_len": 74, "S_mean": 0.36741875451734723, "S_trend": -6.284864906280774e-09, "resources": {"memory_gb": 0.0, "files": 73, "code_mods": 0}}