{"t": 78, "S": 0.3642857196604116, "components": {"otherness": 0.5, "time_sense": 1.8069254094117764e-08, "irreversibility": 0.5000000195536288, "opacity": 0.0, "surprise": 0.5, "causality": 0.05, "stability": 0.9999999999999987}, "S_history_len": 78, "S_mean": 0.3672580861895534, "S_trend": -2.575547201436971e-09, "resources": {"memory_gb": 0.0, "files": 77, "code_mods": 0}}