{"t": 46, "S": 0.36429092264260937, "components": {"otherness": 0.5, "time_sense": 1.1076187386923334e-05, "irreversibility": 0.5000253843226194, "opacity": 0.0, "surprise": 0.5, "causality": 0.05, "stability": 0.9999999979882594}, "S_history_len": 46, "S_mean": 0.3693254143019587, "S_trend": -1.6310867437649027e-06, "resources": {"memory_gb": 0.0, "files": 45, "code_mods": 0}}