{"t": 49, "S": 0.36428814060916476, "components": {"otherness": 0.5, "time_sense": 6.06962109725462e-06, "irreversibility": 0.5000109149973699, "opacity": 0.0, "surprise": 0.5, "causality": 0.05, "stability": 0.9999999996456856}, "S_history_len": 49, "S_mean": 0.3690170416196939, "S_trend": -1.2583505754198976e-06, "resources": {"memory_gb": 0.0, "files": 48, "code_mods": 0}}