{"t": 23, "S": 0.3649644344060365, "components": {"otherness": 0.5, "time_sense": 0.0014958477104525406, "irreversibility": 0.5032923241357508, "opacity": 0.0, "surprise": 0.5, "causality": 0.05, "stability": 0.9999628689960518}, "S_history_len": 23, "S_mean": 0.37422612737376365, "S_trend": -0.0003589714814490774, "resources": {"memory_gb": 0.0, "files": 22, "code_mods": 0}}