{"t": 67, "S": 0.364285767062477, "components": {"otherness": 0.5, "time_sense": 1.6909851902381687e-07, "irreversibility": 0.5000002003389461, "opacity": 0.0, "surprise": 0.5, "causality": 0.05, "stability": 0.9999999999998741}, "S_history_len": 67, "S_mean": 0.36774608446974016, "S_trend": -2.4673364172765765e-08, "resources": {"memory_gb": 0.0, "files": 66, "code_mods": 0}}