{"t": 85, "S": 0.364285715806818, "components": {"otherness": 0.5, "time_sense": 5.627184141181165e-09, "irreversibility": 0.5000000050205418, "opacity": 0.0, "surprise": 0.5, "causality": 0.05, "stability": 1.0}, "S_history_len": 85, "S_mean": 0.36701330284703243, "S_trend": -6.980671263256966e-10, "resources": {"memory_gb": 0.0, "files": 84, "code_mods": 0}}