{"t": 37, "S": 0.36432375706825265, "components": {"otherness": 0.5, "time_sense": 8.627851367996716e-05, "irreversibility": 0.5001801267399453, "opacity": 0.0, "surprise": 0.5, "causality": 0.05, "stability": 0.9999998942241431}, "S_history_len": 37, "S_mean": 0.3705481821290693, "S_trend": -1.0721767336059023e-05, "resources": {"memory_gb": 0.0, "files": 36, "code_mods": 0}}