{"t": 61, "S": 0.36428587641592436, "components": {"otherness": 0.5, "time_sense": 5.054380909581236e-07, "irreversibility": 0.5000006294750111, "opacity": 0.0, "surprise": 0.5, "causality": 0.05, "stability": 0.999999999998368}, "S_history_len": 61, "S_mean": 0.36808643935276447, "S_trend": -7.908461783362464e-08, "resources": {"memory_gb": 0.0, "files": 60, "code_mods": 0}}