{"t": 73, "S": 0.3642857293931571, "components": {"otherness": 0.5, "time_sense": 5.217959978118848e-08, "irreversibility": 0.50000005357251, "opacity": 0.0, "surprise": 0.5, "causality": 0.05, "stability": 0.99999999999999}, "S_history_len": 73, "S_mean": 0.3674616727013704, "S_trend": -7.837656838353505e-09, "resources": {"memory_gb": 0.0, "files": 72, "code_mods": 0}}