{"t": 17, "S": 0.36870000530964087, "components": {"otherness": 0.5, "time_sense": 0.004132717596738466, "irreversibility": 0.5150820857888445, "opacity": 0.0, "surprise": 0.5, "causality": 0.0625, "stability": 0.999185233781903}, "S_history_len": 17, "S_mean": 0.37713515497818656, "S_trend": -0.0005120743432280972, "resources": {"memory_gb": 0.0, "files": 16, "code_mods": 0}}