{"t": 15, "S": 0.36952136744818986, "components": {"otherness": 0.5, "time_sense": 0.005157950231236905, "irreversibility": 0.5135894445104432, "opacity": 0.0, "surprise": 0.5, "causality": 0.07142857142857142, "stability": 0.9964736059670777}, "S_history_len": 15, "S_mean": 0.3781808825337991, "S_trend": -0.0013011969984113164, "resources": {"memory_gb": 0.0, "files": 14, "code_mods": 0}}