{"t": 71, "S": 0.3642857361210012, "components": {"otherness": 0.5, "time_sense": 7.863836887329333e-08, "irreversibility": 0.50000007420866, "opacity": 0.0, "surprise": 0.5, "causality": 0.05, "stability": 0.9999999999999793}, "S_history_len": 71, "S_mean": 0.36755113583349325, "S_trend": -1.0437598316512561e-08, "resources": {"memory_gb": 0.0, "files": 70, "code_mods": 0}}