{"t": 64, "S": 0.364285808991359, "components": {"otherness": 0.5, "time_sense": 2.8569917051739703e-07, "irreversibility": 0.5000003772408228, "opacity": 0.0, "surprise": 0.5, "causality": 0.05, "stability": 0.9999999999995197}, "S_history_len": 64, "S_mean": 0.36790828607547826, "S_trend": -5.217975627506514e-08, "resources": {"memory_gb": 0.0, "files": 63, "code_mods": 0}}