{"t": 84, "S": 0.3642857161197207, "components": {"otherness": 0.5, "time_sense": 6.928476696701597e-09, "irreversibility": 0.5000000059095688, "opacity": 0.0, "surprise": 0.5, "causality": 0.05, "stability": 0.9999999999999998}, "S_history_len": 84, "S_mean": 0.36704577412132067, "S_trend": -9.036975223697397e-10, "resources": {"memory_gb": 0.0, "files": 83, "code_mods": 0}}