{"t": 65, "S": 0.36428579993206867, "components": {"otherness": 0.5, "time_sense": 2.940907139056003e-07, "irreversibility": 0.5000003054340934, "opacity": 0.0, "surprise": 0.5, "causality": 0.05, "stability": 0.9999999999996736}, "S_history_len": 65, "S_mean": 0.3678525555194258, "S_trend": -3.8258385576867624e-08, "resources": {"memory_gb": 0.0, "files": 64, "code_mods": 0}}