{"t": 59, "S": 0.36428598912275456, "components": {"otherness": 0.5, "time_sense": 7.539891122634155e-07, "irreversibility": 0.5000011698745724, "opacity": 0.0, "surprise": 0.5, "causality": 0.05, "stability": 0.9999999999955971}, "S_history_len": 59, "S_mean": 0.3682152707163183, "S_trend": -1.3696145485797562e-07, "resources": {"memory_gb": 0.0, "files": 58, "code_mods": 0}}