{"t": 68, "S": 0.36428575609340863, "components": {"otherness": 0.5, "time_sense": 1.4389146056644524e-07, "irreversibility": 0.5000001487624763, "opacity": 0.0, "surprise": 0.5, "causality": 0.05, "stability": 0.9999999999999236}, "S_history_len": 68, "S_mean": 0.3676951972877353, "S_trend": -2.1749613320230942e-08, "resources": {"memory_gb": 0.0, "files": 67, "code_mods": 0}}