{"t": 88, "S": 0.3642857150335543, "components": {"otherness": 0.5, "time_sense": 2.7555177781332887e-09, "irreversibility": 0.5000000024793624, "opacity": 0.0, "surprise": 0.5, "causality": 0.05, "stability": 1.0}, "S_history_len": 88, "S_mean": 0.3669203169054915, "S_trend": -3.702456619070205e-10, "resources": {"memory_gb": 0.0, "files": 87, "code_mods": 0}}