{"t": 28, "S": 0.36454948941441456, "components": {"otherness": 0.5, "time_sense": 0.0004295358858477638, "irreversibility": 0.5014244868598066, "opacity": 0.0, "surprise": 0.5, "causality": 0.05, "stability": 0.9999924031552476}, "S_history_len": 28, "S_mean": 0.3725296624168036, "S_trend": -6.915749860365399e-05, "resources": {"memory_gb": 0.0, "files": 27, "code_mods": 0}}