{"t": 14, "S": 0.3689893537174505, "components": {"otherness": 0.5, "time_sense": 0.008299139452120503, "irreversibility": 0.501229309987868, "opacity": 0.0, "surprise": 0.5, "causality": 0.07692307692307693, "stability": 0.9964739496590882}, "S_history_len": 14, "S_mean": 0.37879941932562833, "S_trend": -0.001576122772100133, "resources": {"memory_gb": 0.0, "files": 13, "code_mods": 0}}