{"t": 47, "S": 0.364289453517403, "components": {"otherness": 0.5, "time_sense": 7.934305260876556e-06, "irreversibility": 0.5000182413475796, "opacity": 0.0, "surprise": 0.5, "causality": 0.05, "stability": 0.9999999989689807}, "S_history_len": 47, "S_mean": 0.36921826620015963, "S_trend": -1.1469822498603018e-06, "resources": {"memory_gb": 0.0, "files": 46, "code_mods": 0}}