{"t": 99, "S": 0.3642857143736678, "components": {"otherness": 0.5, "time_sense": 3.282506783302766e-10, "irreversibility": 0.5000000002874235, "opacity": 0.0, "surprise": 0.5, "causality": 0.05, "stability": 1.0}, "S_history_len": 99, "S_mean": 0.36662758331354, "S_trend": -4.1994469013317824e-11, "resources": {"memory_gb": 0.0, "files": 98, "code_mods": 0}}