{"t": 90, "S": 0.3642857147936125, "components": {"otherness": 0.5, "time_sense": 1.916553403749856e-09, "irreversibility": 0.5000000016387339, "opacity": 0.0, "surprise": 0.5, "causality": 0.05, "stability": 1.0}, "S_history_len": 90, "S_mean": 0.36686177019316185, "S_trend": -2.3794958226019956e-10, "resources": {"memory_gb": 0.0, "files": 89, "code_mods": 0}}