{"t": 92, "S": 0.3642857146869237, "components": {"otherness": 0.5, "time_sense": 1.4967519603029874e-09, "irreversibility": 0.5000000013117145, "opacity": 0.0, "surprise": 0.5, "causality": 0.05, "stability": 1.0}, "S_history_len": 92, "S_mean": 0.36680576898677686, "S_trend": -1.7595040979756503e-10, "resources": {"memory_gb": 0.0, "files": 91, "code_mods": 0}}