{"t": 91, "S": 0.3642857147119828, "components": {"otherness": 0.5, "time_sense": 1.6619377042919042e-09, "irreversibility": 0.5000000013219421, "opacity": 0.0, "surprise": 0.5, "causality": 0.05, "stability": 1.0}, "S_history_len": 91, "S_mean": 0.3668334618911709, "S_trend": -2.361086215429964e-10, "resources": {"memory_gb": 0.0, "files": 90, "code_mods": 0}}