{"t": 100, "S": 0.3642857143590061, "components": {"otherness": 0.5, "time_sense": 2.7974033390909813e-10, "irreversibility": 0.5000000002333026, "opacity": 0.0, "surprise": 0.5, "causality": 0.05, "stability": 1.0}, "S_history_len": 100, "S_mean": 0.3666041646239947, "S_trend": -3.950967331078914e-11, "resources": {"memory_gb": 0.0, "files": 99, "code_mods": 0}}