{"t": 21, "S": 0.36537420392733505, "components": {"otherness": 0.5, "time_sense": 0.002679775768098844, "irreversibility": 0.5050266481728197, "opacity": 0.0, "surprise": 0.5, "causality": 0.05, "stability": 0.9999130035504267}, "S_history_len": 21, "S_mean": 0.37509058579090937, "S_trend": -0.000665160276461163, "resources": {"memory_gb": 0.0, "files": 20, "code_mods": 0}}