{"t": 39, "S": 0.36430803434359754, "components": {"otherness": 0.5, "time_sense": 5.2966120209099755e-05, "irreversibility": 0.5001033089942392, "opacity": 0.0, "surprise": 0.5, "causality": 0.05, "stability": 0.9999999652907346}, "S_history_len": 39, "S_mean": 0.370228272915928, "S_trend": -6.9207334302426716e-06, "resources": {"memory_gb": 0.0, "files": 38, "code_mods": 0}}