{"t": 5, "S": 0.34452835359865286, "components": {"otherness": 0.5, "time_sense": 0.062492125984220694, "irreversibility": 0.5992063492063491, "opacity": 0.0, "surprise": 0.5, "causality": 0.25, "stability": 0.5}, "S_history_len": 5, "S_mean": 0.3855723373863972, "S_trend": -0.004204834514734764, "resources": {"memory_gb": 0.0, "files": 4, "code_mods": 0}}