{"t": 62, "S": 0.3642858692612287, "components": {"otherness": 0.5, "time_sense": 4.13497445991971e-07, "irreversibility": 0.5000006713324828, "opacity": 0.0, "surprise": 0.5, "causality": 0.05, "stability": 0.9999999999986722}, "S_history_len": 62, "S_mean": 0.36802513983515905, "S_trend": -6.118893729895047e-08, "resources": {"memory_gb": 0.0, "files": 61, "code_mods": 0}}