{"t": 95, "S": 0.3642857144961832, "components": {"otherness": 0.5, "time_sense": 7.729035754937173e-10, "irreversibility": 0.5000000007003785, "opacity": 0.0, "surprise": 0.5, "causality": 0.05, "stability": 1.0}, "S_history_len": 95, "S_mean": 0.3667261883202068, "S_trend": -9.5819685519416e-11, "resources": {"memory_gb": 0.0, "files": 94, "code_mods": 0}}