{"t": 10, "S": 0.3826551778996013, "components": {"otherness": 0.5, "time_sense": 0.050900697137274714, "irreversibility": 0.5267754929774425, "opacity": 0.0, "surprise": 0.5, "causality": 0.1111111111111111, "stability": 0.9897989440713807}, "S_history_len": 10, "S_mean": 0.38129221395678775, "S_trend": -0.0035942419582159213, "resources": {"memory_gb": 0.0, "files": 9, "code_mods": 0}}