{"t": 19, "S": 0.3667592918132819, "components": {"otherness": 0.5, "time_sense": 0.0018333135749209698, "irreversibility": 0.5102807481461048, "opacity": 0.0, "surprise": 0.5, "causality": 0.05555555555555555, "stability": 0.9996454254163916}, "S_history_len": 19, "S_mean": 0.3760674852414203, "S_trend": -0.000552415126981598, "resources": {"memory_gb": 0.0, "files": 18, "code_mods": 0}}