{"t": 50, "S": 0.3642877329209625, "components": {"otherness": 0.5, "time_sense": 6.2419584911788095e-06, "irreversibility": 0.5000078886892505, "opacity": 0.0, "surprise": 0.5, "causality": 0.05, "stability": 0.9999999997989957}, "S_history_len": 50, "S_mean": 0.3689224554457193, "S_trend": -8.065016772126898e-07, "resources": {"memory_gb": 0.0, "files": 49, "code_mods": 0}}