{"t": 35, "S": 0.3643381285006923, "components": {"otherness": 0.5, "time_sense": 0.00011082685188384157, "irreversibility": 0.50025635888896, "opacity": 0.0, "surprise": 0.5, "causality": 0.05, "stability": 0.9999997137640024}, "S_history_len": 35, "S_mean": 0.37090348551549523, "S_trend": -2.0439644647198458e-05, "resources": {"memory_gb": 0.0, "files": 34, "code_mods": 0}}