{"t": 26, "S": 0.3648285764069702, "components": {"otherness": 0.5, "time_sense": 0.0010032014851584599, "irreversibility": 0.502824497025033, "opacity": 0.0, "surprise": 0.5, "causality": 0.05, "stability": 0.9999723363386002}, "S_history_len": 26, "S_mean": 0.37313922467150784, "S_trend": -9.093792006080921e-05, "resources": {"memory_gb": 0.0, "files": 25, "code_mods": 0}}