{"t": 18, "S": 0.3672252931445318, "components": {"otherness": 0.5, "time_sense": 0.0017891936456769573, "irreversibility": 0.5104381628209067, "opacity": 0.0, "surprise": 0.5, "causality": 0.058823529411764705, "stability": 0.9995261661333742}, "S_history_len": 18, "S_mean": 0.3765846070985391, "S_trend": -0.0003528121145837448, "resources": {"memory_gb": 0.0, "files": 17, "code_mods": 0}}