{"t": 60, "S": 0.3642859518399285, "components": {"otherness": 0.5, "time_sense": 6.941055541485027e-07, "irreversibility": 0.5000009687767822, "opacity": 0.0, "surprise": 0.5, "causality": 0.05, "stability": 0.9999999999971634}, "S_history_len": 60, "S_mean": 0.3681497820683785, "S_trend": -9.546719562797401e-08, "resources": {"memory_gb": 0.0, "files": 59, "code_mods": 0}}