{"t": 87, "S": 0.3642857151975593, "components": {"otherness": 0.5, "time_sense": 3.359305823504063e-09, "irreversibility": 0.5000000030236093, "opacity": 0.0, "surprise": 0.5, "causality": 0.05, "stability": 1.0}, "S_history_len": 87, "S_mean": 0.3669505996856287, "S_trend": -4.462852309927712e-10, "resources": {"memory_gb": 0.0, "files": 86, "code_mods": 0}}