{"t": 48, "S": 0.36428838734833163, "components": {"otherness": 0.5, "time_sense": 6.2580317231448435e-06, "irreversibility": 0.5000124539359038, "opacity": 0.0, "surprise": 0.5, "causality": 0.05, "stability": 0.9999999994706943}, "S_history_len": 48, "S_mean": 0.36911556039074656, "S_trend": -1.4028664909261832e-06, "resources": {"memory_gb": 0.0, "files": 47, "code_mods": 0}}