{"t": 31, "S": 0.36439880943960506, "components": {"otherness": 0.5, "time_sense": 0.00028512538357293405, "irreversibility": 0.500507465310422, "opacity": 0.0, "surprise": 0.5, "causality": 0.05, "stability": 0.9999990753832406}, "S_history_len": 31, "S_mean": 0.3717479983958174, "S_trend": -7.162782789418842e-05, "resources": {"memory_gb": 0.0, "files": 30, "code_mods": 0}}