{"t": 22, "S": 0.36533419358142993, "components": {"otherness": 0.5, "time_sense": 0.002211593466762936, "irreversibility": 0.5051955286191667, "opacity": 0.0, "surprise": 0.5, "causality": 0.05, "stability": 0.99993223298408}, "S_history_len": 22, "S_mean": 0.3746471134177512, "S_trend": -0.00037821991262037, "resources": {"memory_gb": 0.0, "files": 21, "code_mods": 0}}