{"t": 25, "S": 0.3648002966674856, "components": {"otherness": 0.5, "time_sense": 0.0010061054765031275, "irreversibility": 0.502628515922224, "opacity": 0.0, "surprise": 0.5, "causality": 0.05, "stability": 0.9999674552736723}, "S_history_len": 25, "S_mean": 0.37347165060208937, "S_trend": -0.00024093023788166837, "resources": {"memory_gb": 0.0, "files": 24, "code_mods": 0}}