{"t": 72, "S": 0.3642857336288681, "components": {"otherness": 0.5, "time_sense": 6.143530020172128e-08, "irreversibility": 0.500000073966793, "opacity": 0.0, "surprise": 0.5, "causality": 0.05, "stability": 0.9999999999999836}, "S_history_len": 72, "S_mean": 0.3675057830250956, "S_trend": -8.373610095436924e-09, "resources": {"memory_gb": 0.0, "files": 71, "code_mods": 0}}