{"t": 6, "S": 0.3321537908090315, "components": {"otherness": 0.5, "time_sense": 0.020022691947251377, "irreversibility": 0.6050538437159696, "opacity": 0.0, "surprise": 0.5, "causality": 0.2, "stability": 0.5}, "S_history_len": 6, "S_mean": 0.37666924629016957, "S_trend": -0.012297942746195853, "resources": {"memory_gb": 0.0, "files": 5, "code_mods": 0}}