{"t": 77, "S": 0.3642857208968767, "components": {"otherness": 0.5, "time_sense": 2.168092370726841e-08, "irreversibility": 0.5000000245972154, "opacity": 0.0, "surprise": 0.5, "causality": 0.05, "stability": 0.999999999999998}, "S_history_len": 77, "S_mean": 0.36729668835226953, "S_trend": -3.194867420002683e-09, "resources": {"memory_gb": 0.0, "files": 76, "code_mods": 0}}