{"t": 93, "S": 0.36428571459385267, "components": {"otherness": 0.5, "time_sense": 1.1794666454943088e-09, "irreversibility": 0.5000000009775023, "opacity": 0.0, "surprise": 0.5, "causality": 0.05, "stability": 1.0}, "S_history_len": 93, "S_mean": 0.36677867162771316, "S_trend": -1.5258680430285665e-10, "resources": {"memory_gb": 0.0, "files": 92, "code_mods": 0}}