{"t": 36, "S": 0.3643369886649785, "components": {"otherness": 0.5, "time_sense": 8.667756964173211e-05, "irreversibility": 0.5002724710590433, "opacity": 0.0, "surprise": 0.5, "causality": 0.05, "stability": 0.9999997720261642}, "S_history_len": 36, "S_mean": 0.3707210828252031, "S_trend": -1.768252908528651e-05, "resources": {"memory_gb": 0.0, "files": 35, "code_mods": 0}}