{"t": 32, "S": 0.3644005841263348, "components": {"otherness": 0.5, "time_sense": 0.0002851426731669113, "irreversibility": 0.5005196578565694, "opacity": 0.0, "surprise": 0.5, "causality": 0.05, "stability": 0.9999992883546076}, "S_history_len": 32, "S_mean": 0.3715183916998961, "S_trend": -4.343877842419297e-05, "resources": {"memory_gb": 0.0, "files": 31, "code_mods": 0}}