{"t": 4, "S": 0.36904761904761907, "components": {"otherness": 0.5, "time_sense": 0.0714285714285714, "irreversibility": 0.6785714285714285, "opacity": 0.0, "surprise": 0.5, "causality": 0.3333333333333333, "stability": 0.5}, "S_history_len": 4, "S_mean": 0.3958333333333333, "S_trend": -0.019841269841269826, "resources": {"memory_gb": 0.0, "files": 3, "code_mods": 0}}