{"t": 79, "S": 0.3642857187360109, "components": {"otherness": 0.5, "time_sense": 1.4490815232422374e-08, "irreversibility": 0.5000000166612621, "opacity": 0.0, "surprise": 0.5, "causality": 0.05, "stability": 0.9999999999999991}, "S_history_len": 79, "S_mean": 0.3672204612850782, "S_trend": -1.931665586744439e-09, "resources": {"memory_gb": 0.0, "files": 78, "code_mods": 0}}