{"t": 9, "S": 0.3857306398075204, "components": {"otherness": 0.5, "time_sense": 0.05720229335532307, "irreversibility": 0.5293448072743968, "opacity": 0.0, "surprise": 0.5, "causality": 0.125, "stability": 0.9885673780229232}, "S_history_len": 9, "S_mean": 0.38114077351869735, "S_trend": 0.013394212249622228, "resources": {"memory_gb": 0.0, "files": 8, "code_mods": 0}}