{"t": 44, "S": 0.36429197965091703, "components": {"otherness": 0.5, "time_sense": 1.9046164994878962e-05, "irreversibility": 0.5000248142960986, "opacity": 0.0, "surprise": 0.5, "causality": 0.05, "stability": 0.9999999970953257}, "S_history_len": 44, "S_mean": 0.3695542463264369, "S_trend": -2.8415644446650693e-06, "resources": {"memory_gb": 0.0, "files": 43, "code_mods": 0}}