{"t": 70, "S": 0.36428574284033644, "components": {"otherness": 0.5, "time_sense": 8.75550334043858e-08, "irreversibility": 0.5000001123273583, "opacity": 0.0, "surprise": 0.5, "causality": 0.05, "stability": 0.9999999999999631}, "S_history_len": 70, "S_mean": 0.3675977844008146, "S_trend": -1.4046765806075001e-08, "resources": {"memory_gb": 0.0, "files": 69, "code_mods": 0}}