{"t": 30, "S": 0.3644607663685755, "components": {"otherness": 0.5, "time_sense": 0.00025671320199278696, "irreversibility": 0.5009711396128419, "opacity": 0.0, "surprise": 0.5, "causality": 0.05, "stability": 0.9999975117651937}, "S_history_len": 30, "S_mean": 0.3719929713610245, "S_trend": -5.658838315168261e-05, "resources": {"memory_gb": 0.0, "files": 29, "code_mods": 0}}