{"t": 82, "S": 0.364285717073069, "components": {"otherness": 0.5, "time_sense": 1.0369394305460122e-08, "irreversibility": 0.5000000091420888, "opacity": 0.0, "surprise": 0.5, "causality": 0.05, "stability": 0.9999999999999998}, "S_history_len": 82, "S_mean": 0.3671130926051803, "S_trend": -1.2320088116357652e-09, "resources": {"memory_gb": 0.0, "files": 81, "code_mods": 0}}