{"t": 38, "S": 0.3643118706020297, "components": {"otherness": 0.5, "time_sense": 5.7742211191679674e-05, "irreversibility": 0.5001254068589789, "opacity": 0.0, "surprise": 0.5, "causality": 0.05, "stability": 0.9999999451440368}, "S_history_len": 38, "S_mean": 0.37038406866783147, "S_trend": -1.2673360615016766e-05, "resources": {"memory_gb": 0.0, "files": 37, "code_mods": 0}}