{"t": 97, "S": 0.3642857144115279, "components": {"otherness": 0.5, "time_sense": 4.6276135779113724e-10, "irreversibility": 0.5000000004179339, "opacity": 0.0, "surprise": 0.5, "causality": 0.05, "stability": 1.0}, "S_history_len": 97, "S_mean": 0.36667586927089124, "S_trend": -6.220263748524247e-11, "resources": {"memory_gb": 0.0, "files": 96, "code_mods": 0}}