{"t": 63, "S": 0.36428583005938603, "components": {"otherness": 0.5, "time_sense": 3.402407356954912e-07, "irreversibility": 0.5000004701757027, "opacity": 0.0, "surprise": 0.5, "causality": 0.05, "stability": 0.9999999999992641}, "S_history_len": 63, "S_mean": 0.3679657857117341, "S_trend": -5.6068722428803675e-08, "resources": {"memory_gb": 0.0, "files": 62, "code_mods": 0}}