{"t": 53, "S": 0.36428671557749354, "components": {"otherness": 0.5, "time_sense": 3.064582416365703e-06, "irreversibility": 0.5000039445111037, "opacity": 0.0, "surprise": 0.5, "causality": 0.05, "stability": 0.9999999999489344}, "S_history_len": 53, "S_mean": 0.3686600690108075, "S_trend": -5.258831394794328e-07, "resources": {"memory_gb": 0.0, "files": 52, "code_mods": 0}}