{"t": 54, "S": 0.36428650909286703, "components": {"otherness": 0.5, "time_sense": 2.6391980197487684e-06, "irreversibility": 0.5000029244852353, "opacity": 0.0, "surprise": 0.5, "causality": 0.05, "stability": 0.9999999999668145}, "S_history_len": 54, "S_mean": 0.3685790771604753, "S_trend": -3.680530669958326e-07, "resources": {"memory_gb": 0.0, "files": 53, "code_mods": 0}}