{"t": 24, "S": 0.3647900387881866, "components": {"otherness": 0.5, "time_sense": 0.0013250688344708674, "irreversibility": 0.5022360662841189, "opacity": 0.0, "surprise": 0.5, "causality": 0.05, "stability": 0.9999691363987164}, "S_history_len": 24, "S_mean": 0.3738329570160312, "S_trend": -0.00029116786131779817, "resources": {"memory_gb": 0.0, "files": 23, "code_mods": 0}}