{"t": 7, "S": 0.397032145732465, "components": {"otherness": 0.5, "time_sense": 0.030662889220174423, "irreversibility": 0.5964176377623971, "opacity": 0.0, "surprise": 0.5, "causality": 0.16666666666666666, "stability": 0.9854778264780165}, "S_history_len": 7, "S_mean": 0.37957823192478324, "S_trend": 0.01750126404460404, "resources": {"memory_gb": 0.0, "files": 6, "code_mods": 0}}