{"t": 80, "S": 0.3642857178574289, "components": {"otherness": 0.5, "time_sense": 1.1610711149908514e-08, "irreversibility": 0.500000013391292, "opacity": 0.0, "surprise": 0.5, "causality": 0.05, "stability": 0.9999999999999993}, "S_history_len": 80, "S_mean": 0.36718377699223265, "S_trend": -1.7523821344628883e-09, "resources": {"memory_gb": 0.0, "files": 79, "code_mods": 0}}