{"t": 52, "S": 0.3642870848143934, "components": {"otherness": 0.5, "time_sense": 3.414629491050221e-06, "irreversibility": 0.500006179177122, "opacity": 0.0, "surprise": 0.5, "causality": 0.05, "stability": 0.9999999998941409}, "S_history_len": 52, "S_mean": 0.36874417196144815, "S_trend": -5.265087337641416e-07, "resources": {"memory_gb": 0.0, "files": 51, "code_mods": 0}}