{"t": 89, "S": 0.3642857149077079, "components": {"otherness": 0.5, "time_sense": 2.2970347436069214e-09, "irreversibility": 0.5000000020569203, "opacity": 0.0, "surprise": 0.5, "causality": 0.05, "stability": 1.0}, "S_history_len": 89, "S_mean": 0.36689071463585343, "S_trend": -2.949721022993401e-10, "resources": {"memory_gb": 0.0, "files": 88, "code_mods": 0}}