{"t": 55, "S": 0.3642863587727271, "components": {"otherness": 0.5, "time_sense": 1.851551185115058e-06, "irreversibility": 0.5000026598841092, "opacity": 0.0, "surprise": 0.5, "causality": 0.05, "stability": 0.9999999999737952}, "S_history_len": 55, "S_mean": 0.36850102773524346, "S_trend": -2.5357195056890935e-07, "resources": {"memory_gb": 0.0, "files": 54, "code_mods": 0}}