{"t": 66, "S": 0.36428578364743586, "components": {"otherness": 0.5, "time_sense": 2.1960055297963804e-07, "irreversibility": 0.5000002659317204, "opacity": 0.0, "surprise": 0.5, "causality": 0.05, "stability": 0.9999999999997775}, "S_history_len": 66, "S_mean": 0.3677985135213654, "S_trend": -2.7909722064320718e-08, "resources": {"memory_gb": 0.0, "files": 65, "code_mods": 0}}