{"t": 96, "S": 0.3642857144452782, "components": {"otherness": 0.5, "time_sense": 5.84615395740913e-10, "irreversibility": 0.5000000005323316, "opacity": 0.0, "surprise": 0.5, "causality": 0.05, "stability": 1.0}, "S_history_len": 96, "S_mean": 0.3667007667173429, "S_trend": -7.522811262816731e-11, "resources": {"memory_gb": 0.0, "files": 95, "code_mods": 0}}