{"t": 57, "S": 0.36428614425753886, "components": {"otherness": 0.5, "time_sense": 1.2459745096633255e-06, "irreversibility": 0.5000017638379097, "opacity": 0.0, "surprise": 0.5, "causality": 0.05, "stability": 0.9999999999903528}, "S_history_len": 57, "S_mean": 0.368353139443949, "S_trend": -1.9858292795577048e-07, "resources": {"memory_gb": 0.0, "files": 56, "code_mods": 0}}