{"t": 56, "S": 0.36428627860916546, "components": {"otherness": 0.5, "time_sense": 1.4147997684063467e-06, "irreversibility": 0.5000025354832679, "opacity": 0.0, "surprise": 0.5, "causality": 0.05, "stability": 0.9999999999811222}, "S_history_len": 56, "S_mean": 0.36842576435799207, "S_trend": -2.3274999991218515e-07, "resources": {"memory_gb": 0.0, "files": 55, "code_mods": 0}}