{"t": 29, "S": 0.3644978267916602, "components": {"otherness": 0.5, "time_sense": 0.00026191839204104853, "irreversibility": 0.5012276679993707, "opacity": 0.0, "surprise": 0.5, "causality": 0.05, "stability": 0.9999952011502097}, "S_history_len": 29, "S_mean": 0.3722527025676607, "S_trend": -4.870199942106727e-05, "resources": {"memory_gb": 0.0, "files": 28, "code_mods": 0}}