{"t": 58, "S": 0.36428603483493444, "components": {"otherness": 0.5, "time_sense": 9.976887334493392e-07, "irreversibility": 0.5000012461615515, "opacity": 0.0, "surprise": 0.5, "causality": 0.05, "stability": 0.9999999999942559}, "S_history_len": 58, "S_mean": 0.3682830169506901, "S_trend": -1.3125750175646544e-07, "resources": {"memory_gb": 0.0, "files": 57, "code_mods": 0}}