{"t": 75, "S": 0.36428572515669594, "components": {"otherness": 0.5, "time_sense": 3.562553391827448e-08, "irreversibility": 0.5000000404713427, "opacity": 0.0, "surprise": 0.5, "causality": 0.05, "stability": 0.9999999999999947}, "S_history_len": 75, "S_mean": 0.3673769807925385, "S_trend": -4.656197896382411e-09, "resources": {"memory_gb": 0.0, "files": 74, "code_mods": 0}}