{"t": 11, "S": 0.37529384480585104, "components": {"otherness": 0.5, "time_sense": 0.010740237237729565, "irreversibility": 0.5255090281510152, "opacity": 0.0, "surprise": 0.5, "causality": 0.1, "stability": 0.9908076482522122}, "S_history_len": 11, "S_mean": 0.380746907670339, "S_trend": -0.003048713395355493, "resources": {"memory_gb": 0.0, "files": 10, "code_mods": 0}}