{"t": 27, "S": 0.36466121679687996, "components": {"otherness": 0.5, "time_sense": 0.000493239090225733, "irreversibility": 0.5021507938348171, "opacity": 0.0, "surprise": 0.5, "causality": 0.05, "stability": 0.9999844846531171}, "S_history_len": 27, "S_mean": 0.372825224379855, "S_trend": -0.0001121627974249954, "resources": {"memory_gb": 0.0, "files": 26, "code_mods": 0}}