{"t": 41, "S": 0.364297482393152, "components": {"otherness": 0.5, "time_sense": 2.8793642243000156e-05, "irreversibility": 0.5000535939943274, "opacity": 0.0, "surprise": 0.5, "causality": 0.05, "stability": 0.9999999891154935}, "S_history_len": 41, "S_mean": 0.3699390845454673, "S_trend": -5.806586791469646e-06, "resources": {"memory_gb": 0.0, "files": 40, "code_mods": 0}}