{"t": 20, "S": 0.3662458780947756, "components": {"otherness": 0.5, "time_sense": 0.0024691881531062514, "irreversibility": 0.508831047825733, "opacity": 0.0, "surprise": 0.5, "causality": 0.05263157894736842, "stability": 0.9997893317372217}, "S_history_len": 20, "S_mean": 0.37557640488408806, "S_trend": -0.0007277026435538625, "resources": {"memory_gb": 0.0, "files": 19, "code_mods": 0}}