{"t": 40, "S": 0.3643023402498157, "components": {"otherness": 0.5, "time_sense": 3.1551662610292355e-05, "irreversibility": 0.5000848511249878, "opacity": 0.0, "surprise": 0.5, "causality": 0.05, "stability": 0.9999999789611118}, "S_history_len": 40, "S_mean": 0.3700801245992752, "S_trend": -5.215773934546293e-06, "resources": {"memory_gb": 0.0, "files": 39, "code_mods": 0}}