{"t": 8, "S": 0.387488698387273, "components": {"otherness": 0.5, "time_sense": 0.05624936120224275, "irreversibility": 0.5262827356991363, "opacity": 0.0, "surprise": 0.5, "causality": 0.14285714285714285, "stability": 0.9870316489523889}, "S_history_len": 8, "S_mean": 0.38056704023259447, "S_trend": 0.018444969192747167, "resources": {"memory_gb": 0.0, "files": 7, "code_mods": 0}}