{"t": 83, "S": 0.3642857164464278, "components": {"otherness": 0.5, "time_sense": 8.280501582699742e-09, "irreversibility": 0.5000000068444934, "opacity": 0.0, "surprise": 0.5, "causality": 0.05, "stability": 0.9999999999999998}, "S_history_len": 83, "S_mean": 0.3670790278321833, "S_trend": -1.0637223879506053e-09, "resources": {"memory_gb": 0.0, "files": 82, "code_mods": 0}}