{"t": 76, "S": 0.3642857227874893, "components": {"otherness": 0.5, "time_sense": 2.701757301447365e-08, "irreversibility": 0.5000000324948555, "opacity": 0.0, "surprise": 0.5, "causality": 0.05, "stability": 0.9999999999999967}, "S_history_len": 76, "S_mean": 0.36733630634510367, "S_trend": -3.7006577061996873e-09, "resources": {"memory_gb": 0.0, "files": 75, "code_mods": 0}}