{"t": 45, "S": 0.36429129688426354, "components": {"otherness": 0.5, "time_sense": 1.3442584582188901e-05, "irreversibility": 0.5000256382498751, "opacity": 0.0, "surprise": 0.5, "causality": 0.05, "stability": 0.9999999973553872}, "S_history_len": 45, "S_mean": 0.3694372918943886, "S_trend": -2.3910656191434524e-06, "resources": {"memory_gb": 0.0, "files": 44, "code_mods": 0}}