{"t": 94, "S": 0.3642857145461367, "components": {"otherness": 0.5, "time_sense": 9.75252521026444e-10, "irreversibility": 0.5000000008477045, "opacity": 0.0, "surprise": 0.5, "causality": 0.05, "stability": 1.0}, "S_history_len": 94, "S_mean": 0.3667521508076964, "S_trend": -1.2606813371007775e-10, "resources": {"memory_gb": 0.0, "files": 93, "code_mods": 0}}