{"t": 98, "S": 0.3642857143903456, "components": {"otherness": 0.5, "time_sense": 3.868487556192777e-10, "irreversibility": 0.5000000003455702, "opacity": 0.0, "surprise": 0.5, "causality": 0.05, "stability": 1.0}, "S_history_len": 98, "S_mean": 0.3666514799353755, "S_trend": -5.17362264140786e-11, "resources": {"memory_gb": 0.0, "files": 97, "code_mods": 0}}