{"t": 13, "S": 0.37126037702578135, "components": {"otherness": 0.5, "time_sense": 0.009445431769848646, "irreversibility": 0.5097684990549878, "opacity": 0.0, "surprise": 0.5, "causality": 0.08333333333333333, "stability": 0.9962753750223001}, "S_history_len": 13, "S_mean": 0.3795540397570266, "S_trend": -0.002848700218454986, "resources": {"memory_gb": 0.0, "files": 12, "code_mods": 0}}