{"t": 69, "S": 0.3642857496506835, "components": {"otherness": 0.5, "time_sense": 1.1809409176479012e-07, "irreversibility": 0.5000001294607478, "opacity": 0.0, "surprise": 0.5, "causality": 0.05, "stability": 0.9999999999999449}, "S_history_len": 69, "S_mean": 0.3676457850031403, "S_trend": -1.4085026762206748e-08, "resources": {"memory_gb": 0.0, "files": 68, "code_mods": 0}}