{"t": 42, "S": 0.3642982074137681, "components": {"otherness": 0.5, "time_sense": 3.0181683773639917e-05, "irreversibility": 0.5000572787406571, "opacity": 0.0, "surprise": 0.5, "causality": 0.05, "stability": 0.9999999914719461}, "S_history_len": 42, "S_mean": 0.3698047779470935, "S_trend": -5.5401787443390816e-06, "resources": {"memory_gb": 0.0, "files": 41, "code_mods": 0}}