{"t": 34, "S": 0.36433885066735755, "components": {"otherness": 0.5, "time_sense": 0.0001313859899059491, "irreversibility": 0.500240866283654, "opacity": 0.0, "surprise": 0.5, "causality": 0.05, "stability": 0.9999997023979432}, "S_history_len": 34, "S_mean": 0.3710965842512247, "S_trend": -2.6496020717109436e-05, "resources": {"memory_gb": 0.0, "files": 33, "code_mods": 0}}