{"t": 33, "S": 0.36435647947760924, "components": {"otherness": 0.5, "time_sense": 0.00018247145620346543, "irreversibility": 0.5003132501553899, "opacity": 0.0, "surprise": 0.5, "causality": 0.05, "stability": 0.9999996347316713}, "S_history_len": 33, "S_mean": 0.3713013640567965, "S_trend": -3.216832280088696e-05, "resources": {"memory_gb": 0.0, "files": 32, "code_mods": 0}}