{"t": 86, "S": 0.36428571545438004, "components": {"otherness": 0.5, "time_sense": 4.30250990865879e-09, "irreversibility": 0.5000000038781507, "opacity": 0.0, "surprise": 0.5, "causality": 0.05, "stability": 1.0}, "S_history_len": 86, "S_mean": 0.3669815867145597, "S_trend": -5.442496675556186e-10, "resources": {"memory_gb": 0.0, "files": 85, "code_mods": 0}}