{"t": 51, "S": 0.3642870848949485, "components": {"otherness": 0.5, "time_sense": 4.1780183685127685e-06, "irreversibility": 0.5000054163734386, "opacity": 0.0, "surprise": 0.5, "causality": 0.05, "stability": 0.9999999998728324}, "S_history_len": 51, "S_mean": 0.3688315658270767, "S_trend": -6.118444960678815e-07, "resources": {"memory_gb": 0.0, "files": 50, "code_mods": 0}}