{"t": 43, "S": 0.3642941849343802, "components": {"otherness": 0.5, "time_sense": 2.6924977687183736e-05, "irreversibility": 0.5000323733688006, "opacity": 0.0, "surprise": 0.5, "causality": 0.05, "stability": 0.9999999961941735}, "S_history_len": 43, "S_mean": 0.3696766246212164, "S_trend": -4.224590553206628e-06, "resources": {"memory_gb": 0.0, "files": 42, "code_mods": 0}}