{
  "neo": {
    "pulls": {
      "-1": 12,
      "0": 6,
      "1": 9
    },
    "mean_rewards": {
      "-1": 0.511412114437148,
      "0": 0.502959085946595,
      "1": 0.41361511715829985
    },
    "alpha": {
      "-1": 5.1654100799760005,
      "0": 2.3894285034586225,
      "1": 2.2544642857142856
    },
    "beta": {
      "-1": 3.562701050041669,
      "0": 2.3775921596722425,
      "1": 3.1863886999227864
    },
    "specialization": "mdl",
    "metric_weights": [
      0.2995627781967428,
      0.5007344843845318,
      0.19970273741872546
    ]
  },
  "eva": {
    "pulls": {
      "-1": 12,
      "0": 7,
      "1": 8
    },
    "mean_rewards": {
      "-1": 0.7457102633682219,
      "0": 0.6272024729804256,
      "1": 0.47467052235914126
    },
    "alpha": {
      "-1": 5.03426158020933,
      "0": 4.643214837882554,
      "1": 3.4654144385026737
    },
    "beta": {
      "-1": 1.56,
      "0": 1.88,
      "1": 2.617391304347826
    },
    "specialization": "mi_te",
    "metric_weights": [
      0.19967504071816172,
      0.20016873852195036,
      0.600156220759888
    ]
  }
}